year,enso,note,note_source
1989,Neutral,,
1990,Neutral,,
1991,El Nino,,
1992,Neutral,,
1993,El Nino,,
1994,El Nino,,
1995,Neutral,,
1996,Neutral,,
1997,El Nino,,
1998,La Nina,,
1999,La Nina,,
2000,La Nina,,
2001,Neutral,,
2002,El Nino,,
2003,Neutral,,
2004,Neutral,,
2005,Neutral,,
2006,El Nino,,
2007,La Nina,,
2008,La Nina,,
2009,El Nino,,
2010,La Nina,,
2011,La Nina,,
2012,Neutral,,
2013,Neutral,,
2014,Neutral,,
2015,El Nino,,
2016,Neutral,,
2017,La Nina,,
2018,Neutral,,
2019,Neutral,Very strong positive Indian Ocean Dipole; ENSO neutral; driest year on record for Australia (277.6 mm),BOM Annual Climate Statement 2019
2020,La Nina,,
2021,La Nina,,
2022,La Nina,La Nina plus negative Indian Ocean Dipole; 9th-wettest year; wettest spring on record for NSW and Victoria,BOM Annual Climate Statement 2022
2023,El Nino,,
2024,La Nina,,
2025,Neutral,,
