season,year,status,cash_costs_m,gross_value_m,net_value_m,real_net_value_m
1994–95,1994,actual,18441.4,24204.0,48.6,111.5
1995–96,1995,actual,19471.0,27893.1,3517.1,7741.1
1996–97,1996,actual,20782.8,28711.2,3037.4,6598.7
1997–98,1997,actual,21469.3,29009.5,1593.2,3463.6
1998–99,1998,actual,20928.3,29469.4,2675.1,5749.8
1999–00,1999,actual,22397.6,31034.8,2563.2,5381.5
2000–01,2000,actual,24164.5,35545.1,4871.6,9631.2
2001–02,2001,actual,26222.5,40689.3,7647.8,14698.3
2002–03,2002,actual,23514.7,33755.8,3524.1,6570.5
2003–04,2003,actual,25782.7,37712.6,5133.0,9349.6
2004–05,2004,actual,24884.6,36682.1,4740.5,8431.0
2005–06,2005,actual,26842.7,38983.9,4770.2,8219.1
2006–07,2006,actual,26608.5,36557.9,2418.4,4048.8
2007–08,2007,actual,29463.6,44026.0,6300.4,10200.8
2008–09,2008,actual,28549.9,42242.4,5606.5,8804.1
2009–10,2009,actual,24244.2,40016.6,7420.4,11386.9
2010–11,2010,actual,28549.4,46463.6,9249.2,13765.7
2011–12,2011,actual,30825.2,47845.5,8002.3,11639.3
2012–13,2012,actual,31788.8,48812.2,8015.5,11402.0
2013–14,2013,actual,33303.5,51444.4,8905.9,12332.6
2014–15,2014,actual,35863.5,54545.2,8927.7,12156.1
2015–16,2015,actual,37328.4,57108.6,9777.2,13132.7
2016–17,2016,actual,38008.0,62007.2,13621.1,17987.9
2017–18,2017,actual,39363.4,59906.5,10510.0,13614.7
2018–19,2018,actual,42442.3,61348.6,8641.4,11014.6
2019–20,2019,actual,42368.7,61580.3,8167.6,10271.7
2020–21,2020,actual,45994.1,72035.5,13574.5,16803.7
2021–22,2021,actual,52244.3,88137.6,21290.3,25224.5
2022–23,2022,actual,57505.7,94503.0,21034.3,23285.3
2023–24,2023,estimate,55328.6,83284.0,10872.4,11551.9
2024–25,2024,estimate,58982.9,95074.8,19129.9,19841.9
2025–26,2025,estimate,62546.5,104644.0,24626.7,24626.7
2026–27,2026,forecast,60962.2,99449.9,21191.5,20507.8
