state,state_code,year,season,status,rain_cool_mm,rain_cool_pct_of_avg,wheat_yield_t_ha,wheat_production_kt,wheat_area_kha,yield_pct_of_avg
New South Wales,NSW,1989,1989–90,actual,354.74,121.9,1.612,3423.3,2123.4,79.8
New South Wales,NSW,1990,1990–91,actual,421.37,144.8,1.906,4127.6,2165.8,94.3
New South Wales,NSW,1991,1991–92,actual,232.36,79.8,1.456,2183.0,1499.3,72.0
New South Wales,NSW,1992,1992–93,actual,258.22,88.7,2.115,3582.7,1694.0,104.6
New South Wales,NSW,1993,1993–94,actual,295.37,101.5,2.572,5086.1,1977.7,127.2
New South Wales,NSW,1994,1994–95,actual,115.98,39.8,0.614,874.6,1423.8,30.4
New South Wales,NSW,1995,1995–96,actual,256.7,88.2,1.936,4508.4,2328.3,95.8
New South Wales,NSW,1996,1996–97,actual,325.32,111.8,2.62,8363.4,3192.0,129.6
New South Wales,NSW,1997,1997–98,actual,224.64,77.2,2.012,5906.4,2936.2,99.5
New South Wales,NSW,1998,1998–99,actual,436.98,150.1,2.068,6563.3,3173.8,102.3
New South Wales,NSW,1999,1999–00,actual,327.94,112.7,2.512,8601.9,3424.5,124.3
New South Wales,NSW,2000,2000–01,actual,289.63,99.5,2.143,7867.3,3670.8,106.0
New South Wales,NSW,2001,2001–02,actual,232.83,80.0,2.334,8042.8,3446.0,115.5
New South Wales,NSW,2002,2002–03,actual,118.72,40.8,0.833,2494.9,2994.8,41.2
New South Wales,NSW,2003,2003–04,actual,266.71,91.6,1.83,7288.2,3983.4,90.5
New South Wales,NSW,2004,2004–05,actual,214.75,73.8,1.771,7537.4,4256.3,87.6
New South Wales,NSW,2005,2005–06,actual,301.27,103.5,2.265,8049.0,3554.1,112.1
New South Wales,NSW,2006,2006–07,actual,168.59,57.9,0.714,2567.7,3595.8,35.3
New South Wales,NSW,2007,2007–08,actual,233.05,80.1,0.618,2477.1,4008.9,30.6
New South Wales,NSW,2008,2008–09,actual,212.07,72.9,1.611,6963.3,4322.2,79.7
New South Wales,NSW,2009,2009–10,actual,250.55,86.1,1.343,5349.8,3982.6,66.4
New South Wales,NSW,2010,2010–11,actual,370.34,127.2,2.749,10488.4,3814.7,136.0
New South Wales,NSW,2011,2011–12,actual,249.6,85.8,2.19,8472.914,3868.354,108.3
New South Wales,NSW,2012,2012–13,actual,179.22,61.6,2.112,7364.882,3487.448,104.5
New South Wales,NSW,2013,2013–14,actual,208.32,71.6,2.017,6595.626,3269.386,99.8
New South Wales,NSW,2014,2014–15,actual,216.4,74.3,2.102,6653.67,3166.039,104.0
New South Wales,NSW,2015,2015–16,actual,286.99,98.6,2.352,6897.527,2932.741,116.4
New South Wales,NSW,2016,2016–17,actual,453.23,155.7,3.023,9819.12,3248.417,149.6
New South Wales,NSW,2017,2017–18,actual,185.08,63.6,1.684,4702.842,2793.456,83.3
New South Wales,NSW,2018,2018–19,actual,143.84,49.4,0.777,1850.335,2381.953,38.4
New South Wales,NSW,2019,2019–20,actual,117.96,40.5,0.831,1772.365,2132.016,41.1
New South Wales,NSW,2020,2020–21,actual,313.95,107.9,3.213,12972.151,4037.001,159.0
New South Wales,NSW,2021,2021–22,actual,255.07,87.6,3.334,12029.415,3607.705,164.9
New South Wales,NSW,2022,2022–23,estimate,495.09,170.1,2.95,10620.0,3600.0,145.9
New South Wales,NSW,2023,2023–24,estimate,163.64,56.2,2.15,7095.0,3300.0,106.4
New South Wales,NSW,2024,2024–25,estimate,294.75,101.3,3.308,12900.0,3900.0,163.7
New South Wales,NSW,2025,2025–26,estimate,278.19,95.6,3.111,11200.0,3600.0,153.9
Queensland,QLD,1989,1989–90,actual,263.3,164.8,1.588,1420.0,894.3,100.4
Queensland,QLD,1990,1990–91,actual,284.83,178.3,1.861,1973.2,1060.3,117.7
Queensland,QLD,1991,1991–92,actual,57.36,35.9,0.699,343.7,491.7,44.2
Queensland,QLD,1992,1992–93,actual,119.68,74.9,1.099,735.2,669.2,69.5
Queensland,QLD,1993,1993–94,actual,128.0,80.1,1.0,555.4,555.5,63.2
Queensland,QLD,1994,1994–95,actual,52.29,32.7,0.562,225.1,400.7,35.5
Queensland,QLD,1995,1995–96,actual,134.87,84.4,0.829,519.5,626.5,52.4
Queensland,QLD,1996,1996–97,actual,196.33,122.9,2.021,1979.5,979.7,127.8
Queensland,QLD,1997,1997–98,actual,93.27,58.4,1.39,1392.1,1001.4,87.9
Queensland,QLD,1998,1998–99,actual,294.3,184.2,1.705,1941.2,1138.8,107.8
Queensland,QLD,1999,1999–00,actual,140.26,87.8,1.737,1904.0,1096.0,109.8
Queensland,QLD,2000,2000–01,actual,225.81,141.3,1.307,1157.0,884.9,82.6
Queensland,QLD,2001,2001–02,actual,98.02,61.4,1.491,901.4,604.4,94.3
Queensland,QLD,2002,2002–03,actual,59.9,37.5,1.168,600.9,514.4,73.8
Queensland,QLD,2003,2003–04,actual,109.43,68.5,1.405,1109.7,789.7,88.8
Queensland,QLD,2004,2004–05,actual,84.6,53.0,1.646,1170.4,711.0,104.1
Queensland,QLD,2005,2005–06,actual,162.52,101.7,1.564,1217.6,778.3,98.9
Queensland,QLD,2006,2006–07,actual,201.19,125.9,1.217,776.7,638.0,76.9
Queensland,QLD,2007,2007–08,actual,150.72,94.3,1.426,953.9,668.9,90.2
Queensland,QLD,2008,2008–09,actual,118.74,74.3,1.977,2016.0,1019.9,125.0
Queensland,QLD,2009,2009–10,actual,97.51,61.0,1.4,1346.3,961.7,88.5
Queensland,QLD,2010,2010–11,actual,275.53,172.5,1.683,1523.6,905.5,106.4
Queensland,QLD,2011,2011–12,actual,127.97,80.1,1.979,1886.303,953.201,125.1
Queensland,QLD,2012,2012–13,actual,146.01,91.4,1.864,1613.964,865.923,117.8
Queensland,QLD,2013,2013–14,actual,93.48,58.5,1.367,1036.45,757.955,86.4
Queensland,QLD,2014,2014–15,actual,102.47,64.1,1.558,986.855,633.508,98.5
Queensland,QLD,2015,2015–16,actual,91.44,57.2,2.153,1315.912,611.093,136.1
Queensland,QLD,2016,2016–17,actual,254.04,159.0,2.413,1501.6,622.197,152.6
Queensland,QLD,2017,2017–18,actual,129.12,80.8,1.197,765.413,639.189,75.7
Queensland,QLD,2018,2018–19,actual,70.11,43.9,1.0,419.675,419.697,63.2
Queensland,QLD,2019,2019–20,actual,83.91,52.5,0.948,418.475,441.477,59.9
Queensland,QLD,2020,2020–21,actual,108.04,67.6,1.65,1594.192,966.132,104.3
Queensland,QLD,2021,2021–22,actual,146.78,91.9,2.363,2222.389,940.597,149.4
Queensland,QLD,2022,2022–23,estimate,333.73,208.9,2.653,2600.0,980.0,167.7
Queensland,QLD,2023,2023–24,estimate,88.11,55.2,1.5,1080.0,720.0,94.8
Queensland,QLD,2024,2024–25,estimate,126.22,79.0,2.478,2230.0,900.0,156.7
Queensland,QLD,2025,2025–26,estimate,160.38,100.4,2.625,2310.0,880.0,166.0
South Australia,SA,1989,1989–90,actual,136.32,105.8,1.675,2607.2,1556.6,91.0
South Australia,SA,1990,1990–91,actual,131.86,102.3,1.396,2020.8,1447.8,75.9
South Australia,SA,1991,1991–92,actual,103.94,80.7,1.651,2141.0,1296.8,89.7
South Australia,SA,1992,1992–93,actual,204.16,158.5,1.706,2421.2,1419.5,92.7
South Australia,SA,1993,1993–94,actual,153.66,119.3,1.744,2121.1,1216.0,94.8
South Australia,SA,1994,1994–95,actual,61.61,47.8,1.066,1487.4,1394.7,57.9
South Australia,SA,1995,1995–96,actual,130.21,101.1,1.793,2724.0,1519.1,97.4
South Australia,SA,1996,1996–97,actual,138.4,107.4,1.821,2794.9,1534.9,99.0
South Australia,SA,1997,1997–98,actual,118.13,91.7,1.869,2689.2,1438.5,101.6
South Australia,SA,1998,1998–99,actual,163.87,127.2,1.879,3310.4,1762.1,102.1
South Australia,SA,1999,1999–00,actual,91.2,70.8,1.398,2585.5,1850.0,76.0
South Australia,SA,2000,2000–01,actual,142.58,110.7,2.107,4162.4,1975.6,114.5
South Australia,SA,2001,2001–02,actual,177.05,137.4,2.405,4778.5,1986.6,130.7
South Australia,SA,2002,2002–03,actual,57.08,44.3,1.059,2071.8,1956.5,57.6
South Australia,SA,2003,2003–04,actual,115.23,89.4,1.781,3490.4,1959.5,96.8
South Australia,SA,2004,2004–05,actual,141.8,110.1,1.324,2620.8,1979.2,72.0
South Australia,SA,2005,2005–06,actual,143.33,111.2,1.893,3852.8,2034.9,102.9
South Australia,SA,2006,2006–07,actual,66.8,51.8,0.666,1446.0,2172.5,36.2
South Australia,SA,2007,2007–08,actual,75.25,58.4,1.083,2296.0,2120.8,58.9
South Australia,SA,2008,2008–09,actual,70.69,54.9,1.129,2376.1,2103.9,61.4
South Australia,SA,2009,2009–10,actual,112.63,87.4,1.885,4001.3,2122.4,102.4
South Australia,SA,2010,2010–11,actual,220.78,171.4,2.542,5948.7,2340.6,138.1
South Australia,SA,2011,2011–12,actual,105.52,81.9,2.012,4524.803,2249.066,109.3
South Australia,SA,2012,2012–13,actual,64.44,50.0,1.736,3678.962,2118.739,94.3
South Australia,SA,2013,2013–14,actual,122.03,94.7,2.208,4254.313,1926.85,120.0
South Australia,SA,2014,2014–15,actual,120.23,93.3,2.25,4602.087,2045.009,122.3
South Australia,SA,2015,2015–16,actual,98.24,76.3,2.079,3679.342,1769.7,113.0
South Australia,SA,2016,2016–17,actual,193.88,150.5,2.815,6132.504,2178.255,153.0
South Australia,SA,2017,2017–18,actual,109.65,85.1,2.051,4051.954,1975.81,111.5
South Australia,SA,2018,2018–19,actual,72.89,56.6,1.661,3024.524,1820.819,90.3
South Australia,SA,2019,2019–20,actual,59.09,45.9,1.563,2689.074,1720.943,84.9
South Australia,SA,2020,2020–21,actual,135.51,105.2,2.175,3982.208,1830.975,118.2
South Australia,SA,2021,2021–22,actual,79.99,62.1,2.366,4750.113,2008.064,128.6
South Australia,SA,2022,2022–23,estimate,169.49,131.6,3.341,7350.0,2200.0,181.6
South Australia,SA,2023,2023–24,estimate,110.41,85.7,2.233,4800.0,2150.0,121.4
South Australia,SA,2024,2024–25,estimate,96.69,75.0,1.351,2770.0,2050.0,73.4
South Australia,SA,2025,2025–26,estimate,102.41,79.5,2.37,4740.0,2000.0,128.8
Tasmania,TAS,1989,1989–90,actual,866.9,93.3,3.375,2.7,0.8,74.3
Tasmania,TAS,1990,1990–91,actual,900.04,96.9,4.0,2.4,0.6,88.1
Tasmania,TAS,1991,1991–92,actual,943.35,101.6,2.667,3.2,1.2,58.8
Tasmania,TAS,1992,1992–93,actual,1029.39,110.8,3.667,5.5,1.5,80.8
Tasmania,TAS,1993,1993–94,actual,858.16,92.4,3.312,5.3,1.6,73.0
Tasmania,TAS,1994,1994–95,actual,983.37,105.9,2.154,2.8,1.3,47.5
Tasmania,TAS,1995,1995–96,actual,879.61,94.7,3.727,4.1,1.1,82.1
Tasmania,TAS,1996,1996–97,actual,1019.11,109.7,3.947,7.5,1.9,86.9
Tasmania,TAS,1997,1997–98,actual,785.63,84.6,4.179,11.7,2.8,92.1
Tasmania,TAS,1998,1998–99,actual,849.59,91.5,4.375,17.5,4.0,96.4
Tasmania,TAS,1999,1999–00,actual,723.57,77.9,3.143,19.8,6.3,69.2
Tasmania,TAS,2000,2000–01,actual,942.97,101.5,3.879,25.6,6.6,85.5
Tasmania,TAS,2001,2001–02,actual,903.2,97.2,4.288,25.3,5.9,94.5
Tasmania,TAS,2002,2002–03,actual,998.5,107.5,3.419,25.3,7.4,75.3
Tasmania,TAS,2003,2003–04,actual,1094.33,117.8,3.39,26.1,7.7,74.7
Tasmania,TAS,2004,2004–05,actual,960.28,103.4,4.122,30.5,7.4,90.8
Tasmania,TAS,2005,2005–06,actual,953.77,102.7,4.304,34.0,7.9,94.8
Tasmania,TAS,2006,2006–07,actual,775.42,83.5,2.458,17.7,7.2,54.1
Tasmania,TAS,2007,2007–08,actual,856.64,92.2,3.775,26.8,7.1,83.2
Tasmania,TAS,2008,2008–09,actual,727.3,78.3,4.058,34.9,8.6,89.4
Tasmania,TAS,2009,2009–10,actual,1085.56,116.9,3.792,27.3,7.2,83.5
Tasmania,TAS,2010,2010–11,actual,907.34,97.7,3.938,31.9,8.1,86.8
Tasmania,TAS,2011,2011–12,actual,882.47,95.0,4.874,32.252,6.617,107.4
Tasmania,TAS,2012,2012–13,actual,920.9,99.1,5.082,30.44,5.99,112.0
Tasmania,TAS,2013,2013–14,actual,1090.57,117.4,5.318,43.484,8.176,117.2
Tasmania,TAS,2014,2014–15,actual,800.53,86.2,5.313,44.237,8.326,117.0
Tasmania,TAS,2015,2015–16,actual,689.53,74.2,5.06,53.361,10.545,111.5
Tasmania,TAS,2016,2016–17,actual,1305.4,140.5,5.414,55.78,10.303,119.3
Tasmania,TAS,2017,2017–18,actual,823.81,88.7,5.476,40.289,7.358,120.6
Tasmania,TAS,2018,2018–19,actual,887.91,95.6,5.276,40.1,7.6,116.2
Tasmania,TAS,2019,2019–20,actual,903.35,97.3,6.099,43.805,7.182,134.4
Tasmania,TAS,2020,2020–21,actual,868.78,93.5,6.888,56.295,8.173,151.7
Tasmania,TAS,2021,2021–22,actual,985.58,106.1,7.523,69.983,9.303,165.7
Tasmania,TAS,2022,2022–23,estimate,947.8,102.0,5.5,82.5,15.0,121.2
Tasmania,TAS,2023,2023–24,estimate,862.82,92.9,7.083,85.0,12.0,156.0
Tasmania,TAS,2024,2024–25,estimate,879.0,94.6,6.0,60.0,10.0,132.2
Tasmania,TAS,2025,2025–26,estimate,854.04,91.9,7.083,85.0,12.0,156.0
Victoria,VIC,1989,1989–90,actual,539.56,119.6,2.06,1961.4,952.3,96.7
Victoria,VIC,1990,1990–91,actual,482.27,106.9,1.638,1493.0,911.5,76.9
Victoria,VIC,1991,1991–92,actual,461.29,102.2,1.732,1150.4,664.1,81.3
Victoria,VIC,1992,1992–93,actual,562.29,124.6,2.454,2015.1,821.2,115.2
Victoria,VIC,1993,1993–94,actual,453.91,100.6,2.593,2021.9,779.9,121.7
Victoria,VIC,1994,1994–95,actual,281.42,62.4,1.136,933.6,821.8,53.3
Victoria,VIC,1995,1995–96,actual,508.45,112.7,2.251,1921.2,853.4,105.7
Victoria,VIC,1996,1996–97,actual,480.34,106.5,2.35,2262.3,962.6,110.3
Victoria,VIC,1997,1997–98,actual,313.53,69.5,1.754,1502.8,856.8,82.3
Victoria,VIC,1998,1998–99,actual,427.66,94.8,1.542,1462.3,948.6,72.4
Victoria,VIC,1999,1999–00,actual,349.01,77.3,2.14,2642.1,1234.6,100.5
Victoria,VIC,2000,2000–01,actual,474.32,105.1,2.695,3079.7,1142.6,126.5
Victoria,VIC,2001,2001–02,actual,418.66,92.8,2.456,2791.4,1136.4,115.3
Victoria,VIC,2002,2002–03,actual,295.17,65.4,0.719,890.2,1238.9,33.8
Victoria,VIC,2003,2003–04,actual,438.0,97.1,2.232,3145.5,1409.2,104.8
Victoria,VIC,2004,2004–05,actual,375.74,83.3,1.452,1927.1,1327.0,68.2
Victoria,VIC,2005,2005–06,actual,388.91,86.2,2.213,2908.9,1314.6,103.9
Victoria,VIC,2006,2006–07,actual,253.18,56.1,0.653,879.3,1347.3,30.7
Victoria,VIC,2007,2007–08,actual,353.56,78.4,1.318,1995.3,1514.0,61.9
Victoria,VIC,2008,2008–09,actual,272.9,60.5,1.145,1755.7,1533.6,53.8
Victoria,VIC,2009,2009–10,actual,386.61,85.7,1.663,2994.9,1801.1,78.1
Victoria,VIC,2010,2010–11,actual,489.37,108.5,2.461,4412.4,1793.1,115.5
Victoria,VIC,2011,2011–12,actual,371.46,82.3,2.363,3943.311,1668.929,110.9
Victoria,VIC,2012,2012–13,actual,369.6,81.9,2.15,3422.865,1591.922,100.9
Victoria,VIC,2013,2013–14,actual,442.99,98.2,2.211,3395.892,1535.818,103.8
Victoria,VIC,2014,2014–15,actual,377.82,83.7,1.763,2631.301,1492.657,82.8
Victoria,VIC,2015,2015–16,actual,317.2,70.3,1.353,1814.868,1341.512,63.5
Victoria,VIC,2016,2016–17,actual,573.88,127.2,3.208,4664.824,1454.196,150.6
Victoria,VIC,2017,2017–18,actual,376.91,83.5,2.545,3682.083,1446.793,119.5
Victoria,VIC,2018,2018–19,actual,298.33,66.1,1.623,2276.598,1402.863,76.2
Victoria,VIC,2019,2019–20,actual,347.19,76.9,2.599,3714.313,1428.857,122.0
Victoria,VIC,2020,2020–21,actual,455.62,101.0,3.201,4525.002,1413.422,150.3
Victoria,VIC,2021,2021–22,actual,439.5,97.4,2.94,4246.433,1444.578,138.0
Victoria,VIC,2022,2022–23,estimate,574.17,127.2,3.595,5392.92,1500.0,168.8
Victoria,VIC,2023,2023–24,estimate,383.76,85.1,3.376,5200.0,1540.396,158.5
Victoria,VIC,2024,2024–25,estimate,314.39,69.7,2.333,3500.0,1500.0,109.5
Victoria,VIC,2025,2025–26,estimate,338.73,75.1,2.891,4250.0,1470.0,135.7
Western Australia,WA,1989,1989–90,actual,129.27,98.3,1.381,4800.0,3476.4,76.1
Western Australia,WA,1990,1990–91,actual,105.33,80.1,1.5,5449.1,3632.2,82.7
Western Australia,WA,1991,1991–92,actual,123.35,93.8,1.466,4736.0,3229.9,80.8
Western Australia,WA,1992,1992–93,actual,214.47,163.1,1.629,5978.9,3669.3,89.8
Western Australia,WA,1993,1993–94,actual,152.62,116.1,1.736,6689.3,3852.4,95.7
Western Australia,WA,1994,1994–95,actual,61.35,46.7,1.413,5437.9,3848.3,77.9
Western Australia,WA,1995,1995–96,actual,135.65,103.2,1.754,6826.7,3892.4,96.7
Western Australia,WA,1996,1996–97,actual,175.04,133.1,1.763,7516.0,4263.7,97.2
Western Australia,WA,1997,1997–98,actual,164.64,125.2,1.837,7724.5,4204.9,101.2
Western Australia,WA,1998,1998–99,actual,206.24,156.9,1.809,8170.1,4515.3,99.7
Western Australia,WA,1999,1999–00,actual,143.44,109.1,1.976,9004.1,4556.2,108.9
Western Australia,WA,2000,2000–01,actual,122.99,93.6,1.304,5814.4,4460.3,71.9
Western Australia,WA,2001,2001–02,actual,118.07,89.8,1.784,7759.9,4349.9,98.3
Western Australia,WA,2002,2002–03,actual,67.27,51.2,0.908,4046.9,4457.7,50.0
Western Australia,WA,2003,2003–04,actual,117.67,89.5,2.251,11070.0,4917.0,124.0
Western Australia,WA,2004,2004–05,actual,135.82,103.3,1.684,8618.9,5118.3,92.8
Western Australia,WA,2005,2005–06,actual,149.0,113.3,1.912,9088.1,4752.7,105.4
Western Australia,WA,2006,2006–07,actual,102.82,78.2,1.272,5134.3,4037.0,70.1
Western Australia,WA,2007,2007–08,actual,95.15,72.4,1.367,5820.2,4258.2,75.3
Western Australia,WA,2008,2008–09,actual,101.35,77.1,1.822,8274.0,4541.9,100.4
Western Australia,WA,2009,2009–10,actual,89.77,68.3,1.621,8114.1,5005.9,89.3
Western Australia,WA,2010,2010–11,actual,160.7,122.2,1.079,5004.6,4639.5,59.5
Western Australia,WA,2011,2011–12,actual,160.02,121.7,2.142,11045.107,5155.761,118.0
Western Australia,WA,2012,2012–13,actual,64.59,49.1,1.374,6744.055,4909.209,75.7
Western Australia,WA,2013,2013–14,actual,146.75,111.6,1.951,9976.941,5114.891,107.5
Western Australia,WA,2014,2014–15,actual,122.82,93.4,1.752,8824.41,5038.134,96.5
Western Australia,WA,2015,2015–16,actual,113.63,86.4,1.844,8510.577,4615.761,101.6
Western Australia,WA,2016,2016–17,actual,154.36,117.4,2.062,9644.881,4677.774,113.6
Western Australia,WA,2017,2017–18,actual,95.39,72.6,1.898,7698.552,4056.574,104.6
Western Australia,WA,2018,2018–19,actual,88.5,67.3,2.284,9979.22,4369.2,125.9
Western Australia,WA,2019,2019–20,actual,70.17,53.4,1.414,5842.187,4132.709,77.9
Western Australia,WA,2020,2020–21,actual,78.68,59.8,2.004,8792.706,4387.514,110.4
Western Australia,WA,2021,2021–22,actual,109.77,83.5,2.738,12919.145,4718.004,150.9
Western Australia,WA,2022,2022–23,estimate,156.83,119.3,3.053,14500.0,4750.0,168.2
Western Australia,WA,2023,2023–24,estimate,110.71,84.2,1.656,7700.0,4650.0,91.3
Western Australia,WA,2024,2024–25,estimate,138.61,105.4,2.691,12650.0,4700.0,148.3
Western Australia,WA,2025,2025–26,estimate,126.76,96.4,3.011,13400.0,4450.0,165.9
