state,state_code,year,rain_cool_mm,rain_annual_mm,rain_cool_pct_of_avg
New South Wales,NSW,1900,289.01,483.03,99.3
New South Wales,NSW,1901,268.67,396.3,92.3
New South Wales,NSW,1902,136.22,299.4,46.8
New South Wales,NSW,1903,350.26,541.69,120.3
New South Wales,NSW,1904,276.6,471.57,95.0
New South Wales,NSW,1905,297.9,445.33,102.3
New South Wales,NSW,1906,326.36,573.64,112.1
New South Wales,NSW,1907,178.98,462.46,61.5
New South Wales,NSW,1908,233.1,471.63,80.1
New South Wales,NSW,1909,266.32,476.1,91.5
New South Wales,NSW,1910,223.84,514.57,76.9
New South Wales,NSW,1911,206.35,587.63,70.9
New South Wales,NSW,1912,255.11,431.09,87.6
New South Wales,NSW,1913,305.14,491.14,104.8
New South Wales,NSW,1914,192.2,462.46,66.0
New South Wales,NSW,1915,263.92,362.3,90.7
New South Wales,NSW,1916,409.28,644.86,140.6
New South Wales,NSW,1917,293.18,624.03,100.7
New South Wales,NSW,1918,220.58,389.99,75.8
New South Wales,NSW,1919,180.86,351.97,62.1
New South Wales,NSW,1920,358.0,577.32,123.0
New South Wales,NSW,1921,402.08,676.18,138.1
New South Wales,NSW,1922,221.74,388.87,76.2
New South Wales,NSW,1923,283.58,415.44,97.4
New South Wales,NSW,1924,253.03,533.86,86.9
New South Wales,NSW,1925,246.21,505.86,84.6
New South Wales,NSW,1926,276.32,497.56,94.9
New South Wales,NSW,1927,179.46,393.31,61.7
New South Wales,NSW,1928,204.65,499.14,70.3
New South Wales,NSW,1929,211.81,431.12,72.8
New South Wales,NSW,1930,321.19,523.77,110.3
New South Wales,NSW,1931,357.01,618.35,122.7
New South Wales,NSW,1932,262.42,448.74,90.2
New South Wales,NSW,1933,285.47,535.5,98.1
New South Wales,NSW,1934,335.99,603.12,115.4
New South Wales,NSW,1935,223.48,385.11,76.8
New South Wales,NSW,1936,221.87,545.74,76.2
New South Wales,NSW,1937,185.61,433.0,63.8
New South Wales,NSW,1938,257.19,393.79,88.4
New South Wales,NSW,1939,298.83,573.64,102.7
New South Wales,NSW,1940,157.8,305.15,54.2
New South Wales,NSW,1941,147.19,432.83,50.6
New South Wales,NSW,1942,284.49,537.57,97.7
New South Wales,NSW,1943,253.78,443.14,87.2
New South Wales,NSW,1944,187.32,309.64,64.4
New South Wales,NSW,1945,299.37,468.48,102.8
New South Wales,NSW,1946,157.04,433.8,54.0
New South Wales,NSW,1947,247.28,625.74,85.0
New South Wales,NSW,1948,269.02,491.7,92.4
New South Wales,NSW,1949,331.01,624.0,113.7
New South Wales,NSW,1950,490.5,916.51,168.5
New South Wales,NSW,1951,271.42,456.85,93.2
New South Wales,NSW,1952,415.91,618.62,142.9
New South Wales,NSW,1953,242.17,446.02,83.2
New South Wales,NSW,1954,251.39,566.86,86.4
New South Wales,NSW,1955,368.1,708.87,126.5
New South Wales,NSW,1956,417.71,857.47,143.5
New South Wales,NSW,1957,159.79,335.14,54.9
New South Wales,NSW,1958,294.26,545.63,101.1
New South Wales,NSW,1959,264.46,610.58,90.9
New South Wales,NSW,1960,278.37,518.85,95.6
New South Wales,NSW,1961,241.14,562.83,82.8
New South Wales,NSW,1962,273.53,617.33,94.0
New South Wales,NSW,1963,351.18,665.77,120.6
New South Wales,NSW,1964,335.86,497.87,115.4
New South Wales,NSW,1965,211.11,340.91,72.5
New South Wales,NSW,1966,238.56,476.35,82.0
New South Wales,NSW,1967,230.62,397.52,79.2
New South Wales,NSW,1968,259.77,529.8,89.2
New South Wales,NSW,1969,312.1,602.18,107.2
New South Wales,NSW,1970,255.45,550.95,87.8
New South Wales,NSW,1971,200.65,582.99,68.9
New South Wales,NSW,1972,210.13,454.3,72.2
New South Wales,NSW,1973,358.46,728.71,123.1
New South Wales,NSW,1974,422.4,795.58,145.1
New South Wales,NSW,1975,314.35,598.96,108.0
New South Wales,NSW,1976,250.94,668.57,86.2
New South Wales,NSW,1977,221.83,471.78,76.2
New South Wales,NSW,1978,355.18,701.37,122.0
New South Wales,NSW,1979,260.76,423.66,89.6
New South Wales,NSW,1980,231.99,386.72,79.7
New South Wales,NSW,1981,328.38,547.1,112.8
New South Wales,NSW,1982,123.4,327.98,42.4
New South Wales,NSW,1983,389.77,667.92,133.9
New South Wales,NSW,1984,308.61,659.7,106.0
New South Wales,NSW,1985,315.38,532.56,108.3
New South Wales,NSW,1986,290.82,438.5,99.9
New South Wales,NSW,1987,267.82,535.05,92.0
New South Wales,NSW,1988,396.05,676.22,136.1
New South Wales,NSW,1989,354.74,626.4,121.9
New South Wales,NSW,1990,421.37,620.39,144.8
New South Wales,NSW,1991,232.36,470.29,79.8
New South Wales,NSW,1992,258.22,622.3,88.7
New South Wales,NSW,1993,295.37,552.96,101.5
New South Wales,NSW,1994,115.98,354.82,39.8
New South Wales,NSW,1995,256.7,577.89,88.2
New South Wales,NSW,1996,325.32,591.5,111.8
New South Wales,NSW,1997,224.64,463.42,77.2
New South Wales,NSW,1998,436.98,626.34,150.1
New South Wales,NSW,1999,327.94,649.73,112.7
New South Wales,NSW,2000,289.63,617.55,99.5
New South Wales,NSW,2001,232.83,478.44,80.0
New South Wales,NSW,2002,118.72,313.73,40.8
New South Wales,NSW,2003,266.71,481.11,91.6
New South Wales,NSW,2004,214.75,489.42,73.8
New South Wales,NSW,2005,301.27,493.31,103.5
New South Wales,NSW,2006,168.59,348.88,57.9
New South Wales,NSW,2007,233.05,546.09,80.1
New South Wales,NSW,2008,212.07,518.3,72.9
New South Wales,NSW,2009,250.55,485.73,86.1
New South Wales,NSW,2010,370.34,818.33,127.2
New South Wales,NSW,2011,249.6,665.7,85.8
New South Wales,NSW,2012,179.22,564.7,61.6
New South Wales,NSW,2013,208.32,462.22,71.6
New South Wales,NSW,2014,216.4,468.31,74.3
New South Wales,NSW,2015,286.99,541.73,98.6
New South Wales,NSW,2016,453.23,663.05,155.7
New South Wales,NSW,2017,185.08,456.43,63.6
New South Wales,NSW,2018,143.84,331.68,49.4
New South Wales,NSW,2019,117.96,251.49,40.5
New South Wales,NSW,2020,313.95,639.22,107.9
New South Wales,NSW,2021,255.07,721.25,87.6
New South Wales,NSW,2022,495.09,863.29,170.1
New South Wales,NSW,2023,163.64,432.38,56.2
New South Wales,NSW,2024,294.75,582.58,101.3
New South Wales,NSW,2025,278.19,531.38,95.6
Victoria,VIC,1900,471.1,656.5,104.4
Victoria,VIC,1901,445.63,576.59,98.8
Victoria,VIC,1902,258.47,493.6,57.3
Victoria,VIC,1903,485.33,715.91,107.6
Victoria,VIC,1904,410.81,611.35,91.0
Victoria,VIC,1905,508.73,647.78,112.7
Victoria,VIC,1906,503.05,745.19,111.5
Victoria,VIC,1907,358.87,543.53,79.5
Victoria,VIC,1908,418.85,541.57,92.8
Victoria,VIC,1909,542.0,707.83,120.1
Victoria,VIC,1910,447.18,693.68,99.1
Victoria,VIC,1911,377.91,736.45,83.8
Victoria,VIC,1912,388.52,584.78,86.1
Victoria,VIC,1913,373.48,614.85,82.8
Victoria,VIC,1914,225.4,397.58,50.0
Victoria,VIC,1915,507.62,601.48,112.5
Victoria,VIC,1916,534.9,794.98,118.5
Victoria,VIC,1917,596.09,824.17,132.1
Victoria,VIC,1918,455.49,639.97,100.9
Victoria,VIC,1919,347.84,592.43,77.1
Victoria,VIC,1920,500.35,660.05,110.9
Victoria,VIC,1921,460.85,680.14,102.1
Victoria,VIC,1922,422.72,563.17,93.7
Victoria,VIC,1923,533.77,674.22,118.3
Victoria,VIC,1924,399.41,756.97,88.5
Victoria,VIC,1925,363.3,534.19,80.5
Victoria,VIC,1926,467.16,596.97,103.5
Victoria,VIC,1927,372.92,493.63,82.6
Victoria,VIC,1928,383.77,677.7,85.1
Victoria,VIC,1929,365.37,564.05,81.0
Victoria,VIC,1930,434.51,666.89,96.3
Victoria,VIC,1931,492.94,687.19,109.2
Victoria,VIC,1932,468.24,686.72,103.8
Victoria,VIC,1933,417.06,635.75,92.4
Victoria,VIC,1934,441.21,723.17,97.8
Victoria,VIC,1935,476.27,690.47,105.6
Victoria,VIC,1936,465.24,672.57,103.1
Victoria,VIC,1937,340.53,536.0,75.5
Victoria,VIC,1938,271.72,419.65,60.2
Victoria,VIC,1939,515.99,794.25,114.4
Victoria,VIC,1940,287.77,439.09,63.8
Victoria,VIC,1941,369.35,636.32,81.9
Victoria,VIC,1942,497.54,698.5,110.3
Victoria,VIC,1943,386.83,519.66,85.7
Victoria,VIC,1944,319.56,444.03,70.8
Victoria,VIC,1945,372.12,541.64,82.5
Victoria,VIC,1946,388.18,761.3,86.0
Victoria,VIC,1947,447.38,739.66,99.1
Victoria,VIC,1948,446.02,620.17,98.8
Victoria,VIC,1949,387.83,673.71,86.0
Victoria,VIC,1950,401.91,701.49,89.1
Victoria,VIC,1951,553.91,740.29,122.8
Victoria,VIC,1952,604.23,879.22,133.9
Victoria,VIC,1953,496.42,674.35,110.0
Victoria,VIC,1954,372.36,660.89,82.5
Victoria,VIC,1955,536.72,793.64,118.9
Victoria,VIC,1956,653.93,905.07,144.9
Victoria,VIC,1957,366.18,553.61,81.2
Victoria,VIC,1958,506.82,687.96,112.3
Victoria,VIC,1959,361.44,586.21,80.1
Victoria,VIC,1960,566.13,796.29,125.5
Victoria,VIC,1961,397.57,587.77,88.1
Victoria,VIC,1962,434.71,628.06,96.3
Victoria,VIC,1963,464.46,667.38,102.9
Victoria,VIC,1964,596.67,782.9,132.2
Victoria,VIC,1965,385.33,532.63,85.4
Victoria,VIC,1966,421.09,713.29,93.3
Victoria,VIC,1967,262.62,368.38,58.2
Victoria,VIC,1968,522.44,709.09,115.8
Victoria,VIC,1969,382.73,657.16,84.8
Victoria,VIC,1970,467.56,788.3,103.6
Victoria,VIC,1971,450.55,749.07,99.9
Victoria,VIC,1972,296.66,485.45,65.7
Victoria,VIC,1973,541.16,898.37,119.9
Victoria,VIC,1974,663.13,905.52,147.0
Victoria,VIC,1975,557.89,760.13,123.6
Victoria,VIC,1976,368.86,570.54,81.7
Victoria,VIC,1977,365.32,547.76,81.0
Victoria,VIC,1978,543.22,808.84,120.4
Victoria,VIC,1979,431.9,597.13,95.7
Victoria,VIC,1980,449.07,613.26,99.5
Victoria,VIC,1981,516.48,699.86,114.5
Victoria,VIC,1982,226.14,377.17,50.1
Victoria,VIC,1983,539.6,756.56,119.6
Victoria,VIC,1984,415.46,649.09,92.1
Victoria,VIC,1985,448.63,684.12,99.4
Victoria,VIC,1986,510.44,661.0,113.1
Victoria,VIC,1987,400.28,624.16,88.7
Victoria,VIC,1988,454.67,715.75,100.8
Victoria,VIC,1989,539.56,723.24,119.6
Victoria,VIC,1990,482.27,638.55,106.9
Victoria,VIC,1991,461.29,664.12,102.2
Victoria,VIC,1992,562.29,849.32,124.6
Victoria,VIC,1993,453.91,754.99,100.6
Victoria,VIC,1994,281.42,489.84,62.4
Victoria,VIC,1995,508.45,713.38,112.7
Victoria,VIC,1996,480.34,703.81,106.5
Victoria,VIC,1997,313.53,463.82,69.5
Victoria,VIC,1998,427.66,616.06,94.8
Victoria,VIC,1999,349.01,601.75,77.3
Victoria,VIC,2000,474.32,661.14,105.1
Victoria,VIC,2001,418.66,617.31,92.8
Victoria,VIC,2002,295.17,464.11,65.4
Victoria,VIC,2003,438.0,614.82,97.1
Victoria,VIC,2004,375.74,582.33,83.3
Victoria,VIC,2005,388.91,621.97,86.2
Victoria,VIC,2006,253.18,370.31,56.1
Victoria,VIC,2007,353.56,618.25,78.4
Victoria,VIC,2008,272.9,507.86,60.5
Victoria,VIC,2009,386.61,532.27,85.7
Victoria,VIC,2010,489.37,852.75,108.5
Victoria,VIC,2011,371.46,785.68,82.3
Victoria,VIC,2012,369.6,620.35,81.9
Victoria,VIC,2013,442.99,604.31,98.2
Victoria,VIC,2014,377.82,546.67,83.7
Victoria,VIC,2015,317.2,499.44,70.3
Victoria,VIC,2016,573.88,778.19,127.2
Victoria,VIC,2017,376.91,615.39,83.5
Victoria,VIC,2018,298.33,485.55,66.1
Victoria,VIC,2019,347.19,467.4,76.9
Victoria,VIC,2020,455.62,670.33,101.0
Victoria,VIC,2021,439.5,698.09,97.4
Victoria,VIC,2022,574.17,872.05,127.2
Victoria,VIC,2023,383.76,629.39,85.1
Victoria,VIC,2024,314.39,528.26,69.7
Victoria,VIC,2025,338.73,545.0,75.1
Queensland,QLD,1900,129.62,376.61,81.1
Queensland,QLD,1901,184.14,544.42,115.3
Queensland,QLD,1902,32.66,294.84,20.4
Queensland,QLD,1903,214.03,773.36,134.0
Queensland,QLD,1904,190.77,610.82,119.4
Queensland,QLD,1905,126.19,411.56,79.0
Queensland,QLD,1906,175.27,817.79,109.7
Queensland,QLD,1907,128.67,658.94,80.5
Queensland,QLD,1908,160.64,642.77,100.6
Queensland,QLD,1909,175.41,641.97,109.8
Queensland,QLD,1910,165.82,813.84,103.8
Queensland,QLD,1911,122.0,721.96,76.4
Queensland,QLD,1912,195.72,509.29,122.5
Queensland,QLD,1913,147.41,710.59,92.3
Queensland,QLD,1914,149.52,593.17,93.6
Queensland,QLD,1915,92.88,369.37,58.1
Queensland,QLD,1916,228.71,767.66,143.2
Queensland,QLD,1917,150.91,834.01,94.5
Queensland,QLD,1918,87.38,654.86,54.7
Queensland,QLD,1919,89.33,391.45,55.9
Queensland,QLD,1920,309.71,749.05,193.9
Queensland,QLD,1921,290.56,782.48,181.9
Queensland,QLD,1922,84.59,535.03,52.9
Queensland,QLD,1923,125.85,401.08,78.8
Queensland,QLD,1924,186.33,720.52,116.6
Queensland,QLD,1925,88.44,576.62,55.4
Queensland,QLD,1926,109.96,398.02,68.8
Queensland,QLD,1927,119.35,611.54,74.7
Queensland,QLD,1928,103.87,537.33,65.0
Queensland,QLD,1929,108.37,553.32,67.8
Queensland,QLD,1930,206.86,649.0,129.5
Queensland,QLD,1931,132.6,508.89,83.0
Queensland,QLD,1932,127.58,419.04,79.9
Queensland,QLD,1933,222.44,696.58,139.2
Queensland,QLD,1934,172.68,561.89,108.1
Queensland,QLD,1935,178.82,408.7,111.9
Queensland,QLD,1936,149.45,683.56,93.5
Queensland,QLD,1937,71.99,494.35,45.1
Queensland,QLD,1938,141.31,511.94,88.5
Queensland,QLD,1939,185.68,669.91,116.2
Queensland,QLD,1940,87.69,667.12,54.9
Queensland,QLD,1941,137.16,701.04,85.9
Queensland,QLD,1942,162.63,627.84,101.8
Queensland,QLD,1943,147.11,510.67,92.1
Queensland,QLD,1944,127.39,581.44,79.7
Queensland,QLD,1945,156.04,525.19,97.7
Queensland,QLD,1946,33.38,477.85,20.9
Queensland,QLD,1947,157.67,656.31,98.7
Queensland,QLD,1948,101.71,445.64,63.7
Queensland,QLD,1949,163.41,718.34,102.3
Queensland,QLD,1950,347.69,1111.83,217.6
Queensland,QLD,1951,66.85,469.37,41.8
Queensland,QLD,1952,192.69,497.03,120.6
Queensland,QLD,1953,98.96,590.55,61.9
Queensland,QLD,1954,221.97,809.49,138.9
Queensland,QLD,1955,253.71,824.37,158.8
Queensland,QLD,1956,238.5,1030.44,149.3
Queensland,QLD,1957,109.25,517.13,68.4
Queensland,QLD,1958,164.55,601.42,103.0
Queensland,QLD,1959,140.51,626.18,88.0
Queensland,QLD,1960,114.18,526.12,71.5
Queensland,QLD,1961,85.3,450.75,53.4
Queensland,QLD,1962,123.45,604.93,77.3
Queensland,QLD,1963,130.19,629.35,81.5
Queensland,QLD,1964,172.08,626.73,107.7
Queensland,QLD,1965,99.71,430.33,62.4
Queensland,QLD,1966,124.42,435.86,77.9
Queensland,QLD,1967,134.03,548.11,83.9
Queensland,QLD,1968,182.25,632.65,114.1
Queensland,QLD,1969,108.4,441.25,67.9
Queensland,QLD,1970,92.0,532.89,57.6
Queensland,QLD,1971,181.78,729.61,113.8
Queensland,QLD,1972,88.78,573.57,55.6
Queensland,QLD,1973,177.38,880.35,111.0
Queensland,QLD,1974,145.69,1024.88,91.2
Queensland,QLD,1975,177.8,791.03,111.3
Queensland,QLD,1976,113.71,791.87,71.2
Queensland,QLD,1977,140.67,703.15,88.1
Queensland,QLD,1978,262.11,634.38,164.1
Queensland,QLD,1979,110.68,657.83,69.3
Queensland,QLD,1980,108.32,490.51,67.8
Queensland,QLD,1981,206.67,791.48,129.4
Queensland,QLD,1982,81.62,434.79,51.1
Queensland,QLD,1983,313.66,662.68,196.3
Queensland,QLD,1984,170.79,711.43,106.9
Queensland,QLD,1985,179.9,550.14,112.6
Queensland,QLD,1986,193.95,471.53,121.4
Queensland,QLD,1987,136.43,564.54,85.4
Queensland,QLD,1988,202.83,559.13,127.0
Queensland,QLD,1989,263.3,705.16,164.8
Queensland,QLD,1990,284.83,604.53,178.3
Queensland,QLD,1991,57.36,699.31,35.9
Queensland,QLD,1992,119.68,509.12,74.9
Queensland,QLD,1993,128.0,504.25,80.1
Queensland,QLD,1994,52.29,432.17,32.7
Queensland,QLD,1995,134.87,606.05,84.4
Queensland,QLD,1996,196.33,620.53,122.9
Queensland,QLD,1997,93.27,686.1,58.4
Queensland,QLD,1998,294.3,782.46,184.2
Queensland,QLD,1999,140.26,780.25,87.8
Queensland,QLD,2000,225.81,895.95,141.3
Queensland,QLD,2001,98.02,509.72,61.4
Queensland,QLD,2002,59.9,385.01,37.5
Queensland,QLD,2003,109.43,523.86,68.5
Queensland,QLD,2004,84.6,604.38,53.0
Queensland,QLD,2005,162.52,471.7,101.7
Queensland,QLD,2006,201.19,600.16,125.9
Queensland,QLD,2007,150.72,664.57,94.3
Queensland,QLD,2008,118.74,655.0,74.3
Queensland,QLD,2009,97.51,683.44,61.0
Queensland,QLD,2010,275.53,1113.33,172.5
Queensland,QLD,2011,127.97,824.36,80.1
Queensland,QLD,2012,146.01,656.9,91.4
Queensland,QLD,2013,93.48,485.67,58.5
Queensland,QLD,2014,102.47,559.14,64.1
Queensland,QLD,2015,91.44,492.45,57.2
Queensland,QLD,2016,254.04,626.15,159.0
Queensland,QLD,2017,129.12,550.11,80.8
Queensland,QLD,2018,70.11,522.41,43.9
Queensland,QLD,2019,83.91,483.87,52.5
Queensland,QLD,2020,108.04,578.34,67.6
Queensland,QLD,2021,146.78,675.05,91.9
Queensland,QLD,2022,333.73,779.97,208.9
Queensland,QLD,2023,88.11,694.84,55.2
Queensland,QLD,2024,126.22,770.36,79.0
Queensland,QLD,2025,160.38,831.16,100.4
South Australia,SA,1900,102.55,177.65,79.6
South Australia,SA,1901,106.1,193.86,82.4
South Australia,SA,1902,62.01,153.85,48.1
South Australia,SA,1903,145.35,263.36,112.8
South Australia,SA,1904,161.6,238.21,125.4
South Australia,SA,1905,131.59,161.07,102.1
South Australia,SA,1906,143.9,231.33,111.7
South Australia,SA,1907,142.17,223.07,110.3
South Australia,SA,1908,152.61,272.89,118.5
South Australia,SA,1909,164.11,204.24,127.4
South Australia,SA,1910,173.51,284.73,134.7
South Australia,SA,1911,106.59,209.33,82.7
South Australia,SA,1912,101.73,203.46,79.0
South Australia,SA,1913,79.24,190.77,61.5
South Australia,SA,1914,70.3,169.16,54.6
South Australia,SA,1915,122.23,156.04,94.9
South Australia,SA,1916,207.14,278.86,160.8
South Australia,SA,1917,155.24,300.93,120.5
South Australia,SA,1918,108.79,158.61,84.4
South Australia,SA,1919,84.84,171.91,65.8
South Australia,SA,1920,193.09,323.79,149.9
South Australia,SA,1921,143.76,298.05,111.6
South Australia,SA,1922,112.85,192.04,87.6
South Australia,SA,1923,132.78,198.7,103.1
South Australia,SA,1924,98.3,174.82,76.3
South Australia,SA,1925,94.21,149.99,73.1
South Australia,SA,1926,123.53,183.13,95.9
South Australia,SA,1927,95.47,147.27,74.1
South Australia,SA,1928,81.29,122.46,63.1
South Australia,SA,1929,67.75,120.77,52.6
South Australia,SA,1930,129.64,213.37,100.6
South Australia,SA,1931,141.59,202.24,109.9
South Australia,SA,1932,143.59,216.14,111.4
South Australia,SA,1933,108.56,176.25,84.3
South Australia,SA,1934,88.9,160.52,69.0
South Australia,SA,1935,124.69,191.31,96.8
South Australia,SA,1936,98.27,168.75,76.3
South Australia,SA,1937,79.75,188.09,61.9
South Australia,SA,1938,101.31,192.03,78.6
South Australia,SA,1939,115.48,266.43,89.6
South Australia,SA,1940,59.8,123.73,46.4
South Australia,SA,1941,112.7,221.09,87.5
South Australia,SA,1942,147.71,274.09,114.6
South Australia,SA,1943,106.79,156.23,82.9
South Australia,SA,1944,58.57,123.65,45.5
South Australia,SA,1945,121.6,219.46,94.4
South Australia,SA,1946,70.31,252.99,54.6
South Australia,SA,1947,141.78,253.91,110.0
South Australia,SA,1948,71.46,157.75,55.5
South Australia,SA,1949,124.1,214.39,96.3
South Australia,SA,1950,142.66,299.55,110.7
South Australia,SA,1951,140.66,168.74,109.2
South Australia,SA,1952,167.16,232.02,129.7
South Australia,SA,1953,108.48,222.49,84.2
South Australia,SA,1954,120.24,188.85,93.3
South Australia,SA,1955,197.63,333.87,153.4
South Australia,SA,1956,185.39,243.9,143.9
South Australia,SA,1957,77.01,141.43,59.8
South Australia,SA,1958,156.41,241.31,121.4
South Australia,SA,1959,67.31,132.74,52.2
South Australia,SA,1960,125.49,204.96,97.4
South Australia,SA,1961,81.07,124.12,62.9
South Australia,SA,1962,112.19,178.07,87.1
South Australia,SA,1963,137.7,176.95,106.9
South Australia,SA,1964,142.66,186.79,110.7
South Australia,SA,1965,92.72,128.32,72.0
South Australia,SA,1966,112.08,250.89,87.0
South Australia,SA,1967,54.98,142.32,42.7
South Australia,SA,1968,194.63,315.2,151.1
South Australia,SA,1969,115.71,219.33,89.8
South Australia,SA,1970,101.31,143.32,78.6
South Australia,SA,1971,118.77,223.09,92.2
South Australia,SA,1972,72.54,140.12,56.3
South Australia,SA,1973,219.22,377.1,170.2
South Australia,SA,1974,274.62,448.02,213.2
South Australia,SA,1975,184.69,305.29,143.3
South Australia,SA,1976,101.1,256.72,78.5
South Australia,SA,1977,71.87,160.27,55.8
South Australia,SA,1978,191.88,239.7,148.9
South Australia,SA,1979,210.3,315.19,163.2
South Australia,SA,1980,137.82,188.42,107.0
South Australia,SA,1981,112.2,258.64,87.1
South Australia,SA,1982,56.96,146.81,44.2
South Australia,SA,1983,114.93,227.77,89.2
South Australia,SA,1984,130.7,237.82,101.4
South Australia,SA,1985,106.55,165.8,82.7
South Australia,SA,1986,157.04,200.41,121.9
South Australia,SA,1987,86.7,208.14,67.3
South Australia,SA,1988,104.04,232.29,80.8
South Australia,SA,1989,136.32,320.46,105.8
South Australia,SA,1990,131.86,196.36,102.3
South Australia,SA,1991,103.94,169.06,80.7
South Australia,SA,1992,204.16,347.19,158.5
South Australia,SA,1993,153.66,251.49,119.3
South Australia,SA,1994,61.61,121.32,47.8
South Australia,SA,1995,130.21,247.61,101.1
South Australia,SA,1996,138.4,181.74,107.4
South Australia,SA,1997,118.13,249.21,91.7
South Australia,SA,1998,163.87,256.21,127.2
South Australia,SA,1999,91.2,200.77,70.8
South Australia,SA,2000,142.58,283.3,110.7
South Australia,SA,2001,177.05,309.69,137.4
South Australia,SA,2002,57.08,126.82,44.3
South Australia,SA,2003,115.23,238.85,89.4
South Australia,SA,2004,141.8,202.75,110.1
South Australia,SA,2005,143.33,198.7,111.2
South Australia,SA,2006,66.8,150.23,51.8
South Australia,SA,2007,75.25,209.66,58.4
South Australia,SA,2008,70.69,179.65,54.9
South Australia,SA,2009,112.63,198.71,87.4
South Australia,SA,2010,220.78,360.71,171.4
South Australia,SA,2011,105.52,341.79,81.9
South Australia,SA,2012,64.44,171.12,50.0
South Australia,SA,2013,122.03,188.88,94.7
South Australia,SA,2014,120.23,197.04,93.3
South Australia,SA,2015,98.24,191.57,76.3
South Australia,SA,2016,193.88,355.56,150.5
South Australia,SA,2017,109.65,232.46,85.1
South Australia,SA,2018,72.89,166.44,56.6
South Australia,SA,2019,59.09,82.31,45.9
South Australia,SA,2020,135.51,223.06,105.2
South Australia,SA,2021,79.99,219.2,62.1
South Australia,SA,2022,169.49,312.15,131.6
South Australia,SA,2023,110.41,196.07,85.7
South Australia,SA,2024,96.69,217.46,75.0
South Australia,SA,2025,102.41,160.33,79.5
Western Australia,WA,1900,226.35,392.46,172.2
Western Australia,WA,1901,95.06,309.36,72.3
Western Australia,WA,1902,97.74,347.17,74.3
Western Australia,WA,1903,156.47,359.83,119.0
Western Australia,WA,1904,207.01,393.71,157.5
Western Australia,WA,1905,126.36,256.77,96.1
Western Australia,WA,1906,139.16,319.27,105.9
Western Australia,WA,1907,115.37,334.79,87.8
Western Australia,WA,1908,173.66,356.54,132.1
Western Australia,WA,1909,190.15,361.69,144.6
Western Australia,WA,1910,170.64,338.97,129.8
Western Australia,WA,1911,109.36,235.4,83.2
Western Australia,WA,1912,85.64,302.86,65.1
Western Australia,WA,1913,104.6,291.8,79.6
Western Australia,WA,1914,91.32,341.82,69.5
Western Australia,WA,1915,163.35,413.92,124.3
Western Australia,WA,1916,149.22,360.9,113.5
Western Australia,WA,1917,153.68,458.19,116.9
Western Australia,WA,1918,121.31,343.87,92.3
Western Australia,WA,1919,119.68,327.44,91.0
Western Australia,WA,1920,157.11,331.24,119.5
Western Australia,WA,1921,168.13,364.78,127.9
Western Australia,WA,1922,113.98,311.0,86.7
Western Australia,WA,1923,164.09,361.13,124.8
Western Australia,WA,1924,88.77,179.93,67.5
Western Australia,WA,1925,89.74,333.5,68.3
Western Australia,WA,1926,121.53,395.52,92.4
Western Australia,WA,1927,121.19,374.84,92.2
Western Australia,WA,1928,90.91,240.28,69.2
Western Australia,WA,1929,115.51,277.23,87.9
Western Australia,WA,1930,134.66,377.99,102.4
Western Australia,WA,1931,182.26,364.76,138.6
Western Australia,WA,1932,131.78,306.97,100.2
Western Australia,WA,1933,129.95,289.35,98.8
Western Australia,WA,1934,135.91,378.06,103.4
Western Australia,WA,1935,84.05,256.83,63.9
Western Australia,WA,1936,67.01,196.32,51.0
Western Australia,WA,1937,95.01,285.15,72.3
Western Australia,WA,1938,94.61,253.32,72.0
Western Australia,WA,1939,139.84,342.4,106.4
Western Australia,WA,1940,69.82,234.46,53.1
Western Australia,WA,1941,154.1,328.1,117.2
Western Australia,WA,1942,167.87,539.45,127.7
Western Australia,WA,1943,104.61,324.18,79.6
Western Australia,WA,1944,85.87,227.12,65.3
Western Australia,WA,1945,122.95,304.25,93.5
Western Australia,WA,1946,104.26,311.47,79.3
Western Australia,WA,1947,151.55,398.16,115.3
Western Australia,WA,1948,125.23,319.14,95.3
Western Australia,WA,1949,123.82,311.76,94.2
Western Australia,WA,1950,133.42,286.23,101.5
Western Australia,WA,1951,143.93,284.97,109.5
Western Australia,WA,1952,109.34,239.95,83.2
Western Australia,WA,1953,139.22,289.27,105.9
Western Australia,WA,1954,161.49,266.25,122.8
Western Australia,WA,1955,217.42,430.9,165.4
Western Australia,WA,1956,139.63,299.91,106.2
Western Australia,WA,1957,111.66,281.71,84.9
Western Australia,WA,1958,146.27,308.87,111.3
Western Australia,WA,1959,118.98,256.38,90.5
Western Australia,WA,1960,119.17,404.93,90.6
Western Australia,WA,1961,105.32,267.48,80.1
Western Australia,WA,1962,103.68,308.2,78.9
Western Australia,WA,1963,162.94,426.85,123.9
Western Australia,WA,1964,152.07,279.54,115.7
Western Australia,WA,1965,130.87,299.82,99.5
Western Australia,WA,1966,152.54,319.32,116.0
Western Australia,WA,1967,92.21,377.92,70.1
Western Australia,WA,1968,210.56,461.25,160.2
Western Australia,WA,1969,81.19,289.51,61.8
Western Australia,WA,1970,136.92,258.1,104.1
Western Australia,WA,1971,116.79,330.89,88.8
Western Australia,WA,1972,87.78,204.43,66.8
Western Australia,WA,1973,207.56,469.74,157.9
Western Australia,WA,1974,237.8,528.26,180.9
Western Australia,WA,1975,170.09,416.14,129.4
Western Australia,WA,1976,76.72,266.36,58.4
Western Australia,WA,1977,83.32,252.37,63.4
Western Australia,WA,1978,182.6,412.19,138.9
Western Australia,WA,1979,119.44,296.37,90.9
Western Australia,WA,1980,172.06,404.53,130.9
Western Australia,WA,1981,89.66,347.07,68.2
Western Australia,WA,1982,97.92,435.73,74.5
Western Australia,WA,1983,117.24,362.39,89.2
Western Australia,WA,1984,152.15,409.26,115.7
Western Australia,WA,1985,94.96,258.87,72.2
Western Australia,WA,1986,145.71,310.57,110.8
Western Australia,WA,1987,90.76,336.49,69.0
Western Australia,WA,1988,138.57,345.64,105.4
Western Australia,WA,1989,129.27,302.29,98.3
Western Australia,WA,1990,105.33,277.49,80.1
Western Australia,WA,1991,123.35,305.39,93.8
Western Australia,WA,1992,214.47,362.26,163.1
Western Australia,WA,1993,152.62,401.3,116.1
Western Australia,WA,1994,61.35,267.11,46.7
Western Australia,WA,1995,135.65,482.84,103.2
Western Australia,WA,1996,175.04,369.41,133.1
Western Australia,WA,1997,164.64,448.38,125.2
Western Australia,WA,1998,206.24,445.11,156.9
Western Australia,WA,1999,143.44,516.66,109.1
Western Australia,WA,2000,122.99,616.86,93.6
Western Australia,WA,2001,118.07,486.33,89.8
Western Australia,WA,2002,67.27,310.37,51.2
Western Australia,WA,2003,117.67,372.2,89.5
Western Australia,WA,2004,135.82,425.73,103.3
Western Australia,WA,2005,149.0,297.26,113.3
Western Australia,WA,2006,102.82,470.31,78.2
Western Australia,WA,2007,95.15,370.07,72.4
Western Australia,WA,2008,101.35,385.34,77.1
Western Australia,WA,2009,89.77,324.26,68.3
Western Australia,WA,2010,160.7,333.1,122.2
Western Australia,WA,2011,160.02,596.12,121.7
Western Australia,WA,2012,64.59,383.7,49.1
Western Australia,WA,2013,146.75,402.05,111.6
Western Australia,WA,2014,122.82,400.85,93.4
Western Australia,WA,2015,113.63,352.72,86.4
Western Australia,WA,2016,154.36,411.14,117.4
Western Australia,WA,2017,95.39,472.55,72.6
Western Australia,WA,2018,88.5,370.85,67.3
Western Australia,WA,2019,70.17,177.54,53.4
Western Australia,WA,2020,78.68,373.86,59.8
Western Australia,WA,2021,109.77,366.82,83.5
Western Australia,WA,2022,156.83,418.12,119.3
Western Australia,WA,2023,110.71,330.4,84.2
Western Australia,WA,2024,138.61,473.72,105.4
Western Australia,WA,2025,126.76,346.01,96.4
Tasmania,TAS,1900,782.74,1140.16,84.3
Tasmania,TAS,1901,971.48,1358.57,104.6
Tasmania,TAS,1902,647.82,1134.93,69.7
Tasmania,TAS,1903,1004.32,1524.16,108.1
Tasmania,TAS,1904,864.94,1423.36,93.1
Tasmania,TAS,1905,979.48,1447.49,105.4
Tasmania,TAS,1906,1212.82,1519.07,130.6
Tasmania,TAS,1907,1035.43,1518.5,111.5
Tasmania,TAS,1908,699.65,1058.36,75.3
Tasmania,TAS,1909,926.23,1377.13,99.7
Tasmania,TAS,1910,1113.28,1507.7,119.9
Tasmania,TAS,1911,738.64,1314.0,79.5
Tasmania,TAS,1912,944.98,1374.32,101.7
Tasmania,TAS,1913,765.89,1238.02,82.5
Tasmania,TAS,1914,706.2,1017.63,76.0
Tasmania,TAS,1915,1111.97,1518.39,119.7
Tasmania,TAS,1916,1009.24,1659.09,108.7
Tasmania,TAS,1917,1162.71,1606.69,125.2
Tasmania,TAS,1918,910.13,1250.41,98.0
Tasmania,TAS,1919,822.21,1159.59,88.5
Tasmania,TAS,1920,901.02,1251.27,97.0
Tasmania,TAS,1921,940.19,1244.27,101.2
Tasmania,TAS,1922,842.91,1316.68,90.7
Tasmania,TAS,1923,1133.16,1674.78,122.0
Tasmania,TAS,1924,966.84,1568.53,104.1
Tasmania,TAS,1925,750.72,1094.85,80.8
Tasmania,TAS,1926,985.96,1355.19,106.1
Tasmania,TAS,1927,803.18,1177.96,86.5
Tasmania,TAS,1928,1112.95,1536.43,119.8
Tasmania,TAS,1929,981.02,1518.75,105.6
Tasmania,TAS,1930,799.62,1215.67,86.1
Tasmania,TAS,1931,1162.43,1619.22,125.1
Tasmania,TAS,1932,809.99,1299.27,87.2
Tasmania,TAS,1933,763.51,1126.33,82.2
Tasmania,TAS,1934,747.8,1176.19,80.5
Tasmania,TAS,1935,923.78,1446.8,99.5
Tasmania,TAS,1936,1036.07,1353.92,111.5
Tasmania,TAS,1937,710.09,1242.79,76.4
Tasmania,TAS,1938,832.09,1416.67,89.6
Tasmania,TAS,1939,1158.8,1583.51,124.8
Tasmania,TAS,1940,697.19,1186.14,75.1
Tasmania,TAS,1941,790.73,1261.66,85.1
Tasmania,TAS,1942,1021.62,1384.38,110.0
Tasmania,TAS,1943,867.78,1231.42,93.4
Tasmania,TAS,1944,897.62,1406.52,96.6
Tasmania,TAS,1945,783.59,1238.68,84.4
Tasmania,TAS,1946,1063.25,1711.78,114.5
Tasmania,TAS,1947,1238.22,1707.79,133.3
Tasmania,TAS,1948,1079.7,1508.97,116.2
Tasmania,TAS,1949,776.87,1238.39,83.6
Tasmania,TAS,1950,684.3,1081.74,73.7
Tasmania,TAS,1951,923.38,1361.37,99.4
Tasmania,TAS,1952,1235.94,1648.2,133.1
Tasmania,TAS,1953,1029.91,1492.62,110.9
Tasmania,TAS,1954,893.06,1305.41,96.1
Tasmania,TAS,1955,1038.54,1446.67,111.8
Tasmania,TAS,1956,1155.76,1729.04,124.4
Tasmania,TAS,1957,800.29,1270.76,86.2
Tasmania,TAS,1958,1184.9,1625.63,127.6
Tasmania,TAS,1959,759.16,1140.39,81.7
Tasmania,TAS,1960,1076.11,1385.27,115.9
Tasmania,TAS,1961,809.32,1108.58,87.1
Tasmania,TAS,1962,1078.25,1451.48,116.1
Tasmania,TAS,1963,694.94,1050.96,74.8
Tasmania,TAS,1964,1066.16,1672.75,114.8
Tasmania,TAS,1965,889.59,1278.17,95.8
Tasmania,TAS,1966,860.76,1214.85,92.7
Tasmania,TAS,1967,684.44,1055.36,73.7
Tasmania,TAS,1968,1204.36,1684.93,129.7
Tasmania,TAS,1969,857.83,1423.13,92.4
Tasmania,TAS,1970,1155.53,1628.91,124.4
Tasmania,TAS,1971,1130.88,1603.79,121.7
Tasmania,TAS,1972,797.56,1111.2,85.9
Tasmania,TAS,1973,1050.83,1547.84,113.1
Tasmania,TAS,1974,1067.23,1501.26,114.9
Tasmania,TAS,1975,1171.48,1696.65,126.1
Tasmania,TAS,1976,807.18,1294.75,86.9
Tasmania,TAS,1977,787.78,1316.19,84.8
Tasmania,TAS,1978,870.81,1311.5,93.7
Tasmania,TAS,1979,913.89,1353.15,98.4
Tasmania,TAS,1980,1057.45,1414.14,113.8
Tasmania,TAS,1981,1045.74,1385.83,112.6
Tasmania,TAS,1982,711.01,1114.93,76.5
Tasmania,TAS,1983,833.28,1189.49,89.7
Tasmania,TAS,1984,972.71,1457.08,104.7
Tasmania,TAS,1985,772.78,1275.54,83.2
Tasmania,TAS,1986,1010.27,1439.25,108.8
Tasmania,TAS,1987,704.65,1239.5,75.9
Tasmania,TAS,1988,1092.4,1390.42,117.6
Tasmania,TAS,1989,866.9,1211.01,93.3
Tasmania,TAS,1990,900.04,1330.34,96.9
Tasmania,TAS,1991,943.35,1389.25,101.6
Tasmania,TAS,1992,1029.39,1434.38,110.8
Tasmania,TAS,1993,858.16,1422.78,92.4
Tasmania,TAS,1994,983.37,1355.47,105.9
Tasmania,TAS,1995,879.61,1343.13,94.7
Tasmania,TAS,1996,1019.11,1611.54,109.7
Tasmania,TAS,1997,785.63,1214.55,84.6
Tasmania,TAS,1998,849.59,1256.71,91.5
Tasmania,TAS,1999,723.57,1178.1,77.9
Tasmania,TAS,2000,942.97,1304.34,101.5
Tasmania,TAS,2001,903.2,1325.18,97.2
Tasmania,TAS,2002,998.5,1343.39,107.5
Tasmania,TAS,2003,1094.33,1390.01,117.8
Tasmania,TAS,2004,960.28,1407.08,103.4
Tasmania,TAS,2005,953.77,1436.73,102.7
Tasmania,TAS,2006,775.42,1032.1,83.5
Tasmania,TAS,2007,856.64,1214.85,92.2
Tasmania,TAS,2008,727.3,1136.4,78.3
Tasmania,TAS,2009,1085.56,1485.71,116.9
Tasmania,TAS,2010,907.34,1359.15,97.7
Tasmania,TAS,2011,882.47,1419.09,95.0
Tasmania,TAS,2012,920.9,1312.95,99.1
Tasmania,TAS,2013,1090.57,1507.61,117.4
Tasmania,TAS,2014,800.53,1150.63,86.2
Tasmania,TAS,2015,689.53,1095.5,74.2
Tasmania,TAS,2016,1305.4,1762.37,140.5
Tasmania,TAS,2017,823.81,1152.22,88.7
Tasmania,TAS,2018,887.91,1355.05,95.6
Tasmania,TAS,2019,903.35,1306.78,97.3
Tasmania,TAS,2020,868.78,1302.19,93.5
Tasmania,TAS,2021,985.58,1375.56,106.1
Tasmania,TAS,2022,947.8,1324.39,102.0
Tasmania,TAS,2023,862.82,1204.08,92.9
Tasmania,TAS,2024,879.0,1271.59,94.6
Tasmania,TAS,2025,854.04,1218.12,91.9
