year,partner,region,tonnes
2019,Philippines,Southeast Asia,1828350
2019,South Korea,East Asia,1107942
2019,Japan,East Asia,928125
2019,Vietnam,Southeast Asia,848672
2019,Indonesia,Southeast Asia,833932
2019,Yemen,Middle East,647827
2019,Malaysia,Southeast Asia,557198
2019,Kuwait,Middle East,480482
2019,Thailand,Southeast Asia,461607
2019,New Zealand,Rest of world,408368
2019,China,East Asia,265625
2019,Papua New Guinea,Rest of world,233611
2019,Myanmar,Southeast Asia,190152
2019,Fiji,Rest of world,163441
2019,Bahrain,Middle East,104620
2019,Singapore,Southeast Asia,103122
2019,United Arab Emirates,Middle East,102984
2019,Oman,Middle East,84875
2019,Sri Lanka,Rest of world,80453
2019,Egypt,Middle East,66711
2019,Taiwan,East Asia,47600
2019,Solomon Islands,Rest of world,17518
2019,New Caledonia,Rest of world,14028
2019,United Kingdom of Great Britain and Northern Ireland,Rest of world,6421
2019,Saudi Arabia,Middle East,4323
2019,India,Rest of world,1590
2019,United Republic of Tanzania,Rest of world,1005
2019,French Polynesia,Rest of world,575
2019,Hong Kong,East Asia,275
2019,Jordan,Middle East,256
2019,Mauritius,Rest of world,105
2019,Cambodia,Southeast Asia,3
2020,China,East Asia,2089966
2020,South Korea,East Asia,1061988
2020,Indonesia,Southeast Asia,953568
2020,Vietnam,Southeast Asia,950835
2020,Japan,East Asia,806092
2020,Philippines,Southeast Asia,734485
2020,Yemen,Middle East,474678
2020,Malaysia,Southeast Asia,455360
2020,Kuwait,Middle East,427366
2020,New Zealand,Rest of world,370573
2020,Thailand,Southeast Asia,348093
2020,Egypt,Middle East,292105
2020,Papua New Guinea,Rest of world,257795
2020,Myanmar,Southeast Asia,243398
2020,Fiji,Rest of world,166156
2020,United Arab Emirates,Middle East,152006
2020,Singapore,Southeast Asia,111086
2020,Bahrain,Middle East,80771
2020,Oman,Middle East,78370
2020,Saudi Arabia,Middle East,71387
2020,Taiwan,East Asia,55563
2020,Sri Lanka,Rest of world,48242
2020,Kenya,Rest of world,46550
2020,Qatar,Middle East,42000
2020,Bangladesh,Rest of world,31511
2020,New Caledonia,Rest of world,22100
2020,Solomon Islands,Rest of world,13049
2020,United Kingdom of Great Britain and Northern Ireland,Rest of world,9345
2020,Lebanon,Middle East,2965
2020,French Polynesia,Rest of world,1382
2020,United Republic of Tanzania,Rest of world,903
2020,Hong Kong,East Asia,300
2020,Pakistan,Rest of world,130
2020,Türkiye,Rest of world,125
2020,Mauritius,Rest of world,81
2020,India,Rest of world,51
2020,Belgium,Rest of world,41
2020,Argentina,Rest of world,2
2021,Indonesia,Southeast Asia,4938500
2021,Vietnam,Southeast Asia,3028631
2021,China,East Asia,2943393
2021,Philippines,Southeast Asia,1969594
2021,Japan,East Asia,1216261
2021,Malaysia,Southeast Asia,1151033
2021,South Korea,East Asia,1133738
2021,Thailand,Southeast Asia,1053869
2021,Yemen,Middle East,856726
2021,South Africa,Rest of world,589422
2021,Sri Lanka,Rest of world,577683
2021,New Zealand,Rest of world,546279
2021,Kenya,Rest of world,508220
2021,Saudi Arabia,Middle East,481947
2021,Italy,Rest of world,464616
2021,Bangladesh,Rest of world,451241
2021,Kuwait,Middle East,440515
2021,Myanmar,Southeast Asia,373348
2021,Egypt,Middle East,320570
2021,Mozambique,Rest of world,284280
2021,Taiwan,East Asia,282394
2021,Papua New Guinea,Rest of world,252646
2021,United Arab Emirates,Middle East,250157
2021,Sudan,Rest of world,226076
2021,United Republic of Tanzania,Rest of world,200867
2021,Fiji,Rest of world,169736
2021,Uganda,Rest of world,123014
2021,Nigeria,Rest of world,115280
2021,Malawi,Rest of world,113250
2021,Singapore,Southeast Asia,108995
2021,Bahrain,Middle East,82500
2021,Oman,Middle East,75585
2021,Qatar,Middle East,62783
2021,Rwanda,Rest of world,42526
2021,Madagascar,Rest of world,32307
2021,New Caledonia,Rest of world,29852
2021,Burundi,Rest of world,23541
2021,Zambia,Rest of world,18000
2021,Solomon Islands,Rest of world,13168
2021,United Kingdom of Great Britain and Northern Ireland,Rest of world,6720
2021,Lao People's Democratic Republic,Southeast Asia,2010
2021,Hong Kong,East Asia,1075
2021,French Polynesia,Rest of world,625
2021,Mauritius,Rest of world,63
2021,Timor-Leste,Southeast Asia,0
2022,China,East Asia,6197157
2022,Indonesia,Southeast Asia,4332631
2022,Philippines,Southeast Asia,3280772
2022,Vietnam,Southeast Asia,2897726
2022,South Korea,East Asia,2114058
2022,Japan,East Asia,1255959
2022,Malaysia,Southeast Asia,1087515
2022,Yemen,Middle East,962078
2022,Thailand,Southeast Asia,800486
2022,New Zealand,Rest of world,635527
2022,Sudan,Rest of world,592864
2022,South Africa,Rest of world,435137
2022,Kenya,Rest of world,417754
2022,Taiwan,East Asia,403098
2022,Kuwait,Middle East,346918
2022,Bangladesh,Rest of world,307386
2022,Iraq,Middle East,249495
2022,Papua New Guinea,Rest of world,242581
2022,Oman,Middle East,212762
2022,Fiji,Rest of world,191458
2022,Italy,Rest of world,185430
2022,Mozambique,Rest of world,179560
2022,Myanmar,Southeast Asia,176758
2022,United Arab Emirates,Middle East,156415
2022,Egypt,Middle East,140323
2022,United Republic of Tanzania,Rest of world,108198
2022,Bahrain,Middle East,103944
2022,Mauritius,Rest of world,100299
2022,Uganda,Rest of world,73119
2022,Singapore,Southeast Asia,67496
2022,Iran (Islamic Republic of),Middle East,66002
2022,Jordan,Middle East,63000
2022,Rwanda,Rest of world,62519
2022,Nigeria,Rest of world,54999
2022,Pakistan,Rest of world,52736
2022,Algeria,Rest of world,52148
2022,Sri Lanka,Rest of world,51473
2022,Qatar,Middle East,42000
2022,New Caledonia,Rest of world,29194
2022,Spain,Rest of world,19887
2022,Solomon Islands,Rest of world,14377
2022,Burundi,Rest of world,5900
2022,United Kingdom of Great Britain and Northern Ireland,Rest of world,5513
2022,Hong Kong,East Asia,2529
2022,French Polynesia,Rest of world,2073
2022,Malawi,Rest of world,1065
2022,Saudi Arabia,Middle East,774
2023,China,East Asia,6632781
2023,Indonesia,Southeast Asia,4343773
2023,Vietnam,Southeast Asia,2815479
2023,Philippines,Southeast Asia,2801283
2023,South Korea,East Asia,2261143
2023,Thailand,Southeast Asia,1944034
2023,Yemen,Middle East,1352588
2023,Japan,East Asia,1149126
2023,Malaysia,Southeast Asia,1029469
2023,Iraq,Middle East,996461
2023,New Zealand,Rest of world,683812
2023,Kuwait,Middle East,364477
2023,United Arab Emirates,Middle East,295283
2023,Myanmar,Southeast Asia,293410
2023,Papua New Guinea,Rest of world,266285
2023,Taiwan,East Asia,264816
2023,South Africa,Rest of world,261910
2023,Fiji,Rest of world,180294
2023,Oman,Middle East,163902
2023,Bangladesh,Rest of world,145610
2023,Egypt,Middle East,117606
2023,India,Rest of world,114833
2023,Singapore,Southeast Asia,113408
2023,Türkiye,Rest of world,98743
2023,Bahrain,Middle East,95426
2023,Algeria,Rest of world,82117
2023,Kenya,Rest of world,71988
2023,Qatar,Middle East,62636
2023,Mozambique,Rest of world,56100
2023,Mauritius,Rest of world,51204
2023,Spain,Rest of world,31500
2023,New Caledonia,Rest of world,28255
2023,Malawi,Rest of world,27800
2023,Tunisia,Rest of world,27500
2023,Italy,Rest of world,22338
2023,United Kingdom of Great Britain and Northern Ireland,Rest of world,16292
2023,Solomon Islands,Rest of world,15472
2023,Saudi Arabia,Middle East,5928
2023,Hong Kong,East Asia,3220
2023,French Polynesia,Rest of world,1598
2023,Sri Lanka,Rest of world,1093
2023,United Republic of Tanzania,Rest of world,1046
2023,Samoa,Rest of world,0
2023,Vanuatu,Rest of world,0
