source,target,tonnes_per_year
Australia,Southeast Asia,9446016
Australia,East Asia,6444845
Australia,Rest of world,2538310
Australia,Middle East,2296505
East Asia,China,3625784
Southeast Asia,Indonesia,3080481
Southeast Asia,Philippines,2122897
Southeast Asia,Vietnam,2108269
East Asia,South Korea,1535774
East Asia,Japan,1071113
Southeast Asia,Thailand,921618
Middle East,Yemen,858779
Southeast Asia,Malaysia,856115
Rest of world,New Zealand,528912
Middle East,Other (Middle East),1437726
Rest of world,Other countries,2009398
Southeast Asia,Other (Southeast Asia),356637
East Asia,Other (East Asia),212174
