Domain Code,Domain,Reporter Country Code (M49),Reporter Countries,Partner Country Code (M49),Partner Countries,Element Code,Element,Item Code (CPC),Item,Year Code,Year,Unit,Value,Flag,Flag Description
"TM","Detailed trade matrix","036","Australia","012","Algeria","5910","Export quantity","0111","Wheat","2022","2022","t","52147.7","A","Official value"
"TM","Detailed trade matrix","036","Australia","012","Algeria","5910","Export quantity","0111","Wheat","2023","2023","t","82116.6","A","Official value"
"TM","Detailed trade matrix","036","Australia","032","Argentina","5910","Export quantity","0111","Wheat","2020","2020","t","2.38","A","Official value"
"TM","Detailed trade matrix","036","Australia","048","Bahrain","5910","Export quantity","0111","Wheat","2019","2019","t","104620","A","Official value"
"TM","Detailed trade matrix","036","Australia","048","Bahrain","5910","Export quantity","0111","Wheat","2020","2020","t","80771.1","A","Official value"
"TM","Detailed trade matrix","036","Australia","048","Bahrain","5910","Export quantity","0111","Wheat","2021","2021","t","82500","A","Official value"
"TM","Detailed trade matrix","036","Australia","048","Bahrain","5910","Export quantity","0111","Wheat","2022","2022","t","103944.2","A","Official value"
"TM","Detailed trade matrix","036","Australia","048","Bahrain","5910","Export quantity","0111","Wheat","2023","2023","t","95425.9","A","Official value"
"TM","Detailed trade matrix","036","Australia","050","Bangladesh","5910","Export quantity","0111","Wheat","2020","2020","t","31511.45","A","Official value"
"TM","Detailed trade matrix","036","Australia","050","Bangladesh","5910","Export quantity","0111","Wheat","2021","2021","t","451240.6","A","Official value"
"TM","Detailed trade matrix","036","Australia","050","Bangladesh","5910","Export quantity","0111","Wheat","2022","2022","t","307385.61","A","Official value"
"TM","Detailed trade matrix","036","Australia","050","Bangladesh","5910","Export quantity","0111","Wheat","2023","2023","t","145609.74","A","Official value"
"TM","Detailed trade matrix","036","Australia","056","Belgium","5910","Export quantity","0111","Wheat","2020","2020","t","41.06","A","Official value"
"TM","Detailed trade matrix","036","Australia","108","Burundi","5910","Export quantity","0111","Wheat","2021","2021","t","23541","A","Official value"
"TM","Detailed trade matrix","036","Australia","108","Burundi","5910","Export quantity","0111","Wheat","2022","2022","t","5900","A","Official value"
"TM","Detailed trade matrix","036","Australia","116","Cambodia","5910","Export quantity","0111","Wheat","2019","2019","t","3","A","Official value"
"TM","Detailed trade matrix","036","Australia","344","China, Hong Kong SAR","5910","Export quantity","0111","Wheat","2019","2019","t","275","A","Official value"
"TM","Detailed trade matrix","036","Australia","344","China, Hong Kong SAR","5910","Export quantity","0111","Wheat","2020","2020","t","299.5","A","Official value"
"TM","Detailed trade matrix","036","Australia","344","China, Hong Kong SAR","5910","Export quantity","0111","Wheat","2021","2021","t","1074.83","A","Official value"
"TM","Detailed trade matrix","036","Australia","344","China, Hong Kong SAR","5910","Export quantity","0111","Wheat","2022","2022","t","2529.04","A","Official value"
"TM","Detailed trade matrix","036","Australia","344","China, Hong Kong SAR","5910","Export quantity","0111","Wheat","2023","2023","t","3219.89","A","Official value"
"TM","Detailed trade matrix","036","Australia","156","China, mainland","5910","Export quantity","0111","Wheat","2019","2019","t","265625.1","A","Official value"
"TM","Detailed trade matrix","036","Australia","156","China, mainland","5910","Export quantity","0111","Wheat","2020","2020","t","2089966.12","A","Official value"
"TM","Detailed trade matrix","036","Australia","156","China, mainland","5910","Export quantity","0111","Wheat","2021","2021","t","2943393.26","A","Official value"
"TM","Detailed trade matrix","036","Australia","156","China, mainland","5910","Export quantity","0111","Wheat","2022","2022","t","6197156.74","A","Official value"
"TM","Detailed trade matrix","036","Australia","156","China, mainland","5910","Export quantity","0111","Wheat","2023","2023","t","6632781.41","A","Official value"
"TM","Detailed trade matrix","036","Australia","158","China, Taiwan Province of","5910","Export quantity","0111","Wheat","2019","2019","t","47600.1","A","Official value"
"TM","Detailed trade matrix","036","Australia","158","China, Taiwan Province of","5910","Export quantity","0111","Wheat","2020","2020","t","55563.06","A","Official value"
"TM","Detailed trade matrix","036","Australia","158","China, Taiwan Province of","5910","Export quantity","0111","Wheat","2021","2021","t","282394.26","A","Official value"
"TM","Detailed trade matrix","036","Australia","158","China, Taiwan Province of","5910","Export quantity","0111","Wheat","2022","2022","t","403097.71","A","Official value"
"TM","Detailed trade matrix","036","Australia","158","China, Taiwan Province of","5910","Export quantity","0111","Wheat","2023","2023","t","264815.98","A","Official value"
"TM","Detailed trade matrix","036","Australia","818","Egypt","5910","Export quantity","0111","Wheat","2019","2019","t","66710.9","A","Official value"
"TM","Detailed trade matrix","036","Australia","818","Egypt","5910","Export quantity","0111","Wheat","2020","2020","t","292105.46","A","Official value"
"TM","Detailed trade matrix","036","Australia","818","Egypt","5910","Export quantity","0111","Wheat","2021","2021","t","320570.4","A","Official value"
"TM","Detailed trade matrix","036","Australia","818","Egypt","5910","Export quantity","0111","Wheat","2022","2022","t","140323.1","A","Official value"
"TM","Detailed trade matrix","036","Australia","818","Egypt","5910","Export quantity","0111","Wheat","2023","2023","t","117606.03","A","Official value"
"TM","Detailed trade matrix","036","Australia","242","Fiji","5910","Export quantity","0111","Wheat","2019","2019","t","163441","A","Official value"
"TM","Detailed trade matrix","036","Australia","242","Fiji","5910","Export quantity","0111","Wheat","2020","2020","t","166155.86","A","Official value"
"TM","Detailed trade matrix","036","Australia","242","Fiji","5910","Export quantity","0111","Wheat","2021","2021","t","169735.78","A","Official value"
"TM","Detailed trade matrix","036","Australia","242","Fiji","5910","Export quantity","0111","Wheat","2022","2022","t","191457.69","A","Official value"
"TM","Detailed trade matrix","036","Australia","242","Fiji","5910","Export quantity","0111","Wheat","2023","2023","t","180294.1","A","Official value"
"TM","Detailed trade matrix","036","Australia","258","French Polynesia","5910","Export quantity","0111","Wheat","2019","2019","t","574.7","A","Official value"
"TM","Detailed trade matrix","036","Australia","258","French Polynesia","5910","Export quantity","0111","Wheat","2020","2020","t","1381.64","A","Official value"
"TM","Detailed trade matrix","036","Australia","258","French Polynesia","5910","Export quantity","0111","Wheat","2021","2021","t","625.28","A","Official value"
"TM","Detailed trade matrix","036","Australia","258","French Polynesia","5910","Export quantity","0111","Wheat","2022","2022","t","2073.16","A","Official value"
"TM","Detailed trade matrix","036","Australia","258","French Polynesia","5910","Export quantity","0111","Wheat","2023","2023","t","1597.5","A","Official value"
"TM","Detailed trade matrix","036","Australia","356","India","5910","Export quantity","0111","Wheat","2019","2019","t","1590.18","A","Official value"
"TM","Detailed trade matrix","036","Australia","356","India","5910","Export quantity","0111","Wheat","2020","2020","t","50.9","A","Official value"
"TM","Detailed trade matrix","036","Australia","356","India","5910","Export quantity","0111","Wheat","2023","2023","t","114833.27","A","Official value"
"TM","Detailed trade matrix","036","Australia","360","Indonesia","5910","Export quantity","0111","Wheat","2019","2019","t","833932.5","A","Official value"
"TM","Detailed trade matrix","036","Australia","360","Indonesia","5910","Export quantity","0111","Wheat","2020","2020","t","953567.85","A","Official value"
"TM","Detailed trade matrix","036","Australia","360","Indonesia","5910","Export quantity","0111","Wheat","2021","2021","t","4938500.11","A","Official value"
"TM","Detailed trade matrix","036","Australia","360","Indonesia","5910","Export quantity","0111","Wheat","2022","2022","t","4332630.53","A","Official value"
"TM","Detailed trade matrix","036","Australia","360","Indonesia","5910","Export quantity","0111","Wheat","2023","2023","t","4343773.23","A","Official value"
"TM","Detailed trade matrix","036","Australia","364","Iran (Islamic Republic of)","5910","Export quantity","0111","Wheat","2022","2022","t","66001.9","A","Official value"
"TM","Detailed trade matrix","036","Australia","368","Iraq","5910","Export quantity","0111","Wheat","2022","2022","t","249495","A","Official value"
"TM","Detailed trade matrix","036","Australia","368","Iraq","5910","Export quantity","0111","Wheat","2023","2023","t","996461","A","Official value"
"TM","Detailed trade matrix","036","Australia","380","Italy","5910","Export quantity","0111","Wheat","2021","2021","t","464616.4","A","Official value"
"TM","Detailed trade matrix","036","Australia","380","Italy","5910","Export quantity","0111","Wheat","2022","2022","t","185429.8","A","Official value"
"TM","Detailed trade matrix","036","Australia","380","Italy","5910","Export quantity","0111","Wheat","2023","2023","t","22337.72","A","Official value"
"TM","Detailed trade matrix","036","Australia","392","Japan","5910","Export quantity","0111","Wheat","2019","2019","t","928125","A","Official value"
"TM","Detailed trade matrix","036","Australia","392","Japan","5910","Export quantity","0111","Wheat","2020","2020","t","806091.98","A","Official value"
"TM","Detailed trade matrix","036","Australia","392","Japan","5910","Export quantity","0111","Wheat","2021","2021","t","1216260.6","A","Official value"
"TM","Detailed trade matrix","036","Australia","392","Japan","5910","Export quantity","0111","Wheat","2022","2022","t","1255959.18","A","Official value"
"TM","Detailed trade matrix","036","Australia","392","Japan","5910","Export quantity","0111","Wheat","2023","2023","t","1149125.54","A","Official value"
"TM","Detailed trade matrix","036","Australia","400","Jordan","5910","Export quantity","0111","Wheat","2019","2019","t","256.04","A","Official value"
"TM","Detailed trade matrix","036","Australia","400","Jordan","5910","Export quantity","0111","Wheat","2022","2022","t","63000","A","Official value"
"TM","Detailed trade matrix","036","Australia","404","Kenya","5910","Export quantity","0111","Wheat","2020","2020","t","46550","A","Official value"
"TM","Detailed trade matrix","036","Australia","404","Kenya","5910","Export quantity","0111","Wheat","2021","2021","t","508219.6","A","Official value"
"TM","Detailed trade matrix","036","Australia","404","Kenya","5910","Export quantity","0111","Wheat","2022","2022","t","417754.5","A","Official value"
"TM","Detailed trade matrix","036","Australia","404","Kenya","5910","Export quantity","0111","Wheat","2023","2023","t","71988.02","A","Official value"
"TM","Detailed trade matrix","036","Australia","414","Kuwait","5910","Export quantity","0111","Wheat","2019","2019","t","480482","A","Official value"
"TM","Detailed trade matrix","036","Australia","414","Kuwait","5910","Export quantity","0111","Wheat","2020","2020","t","427366","A","Official value"
"TM","Detailed trade matrix","036","Australia","414","Kuwait","5910","Export quantity","0111","Wheat","2021","2021","t","440514.6","A","Official value"
"TM","Detailed trade matrix","036","Australia","414","Kuwait","5910","Export quantity","0111","Wheat","2022","2022","t","346918.2","A","Official value"
"TM","Detailed trade matrix","036","Australia","414","Kuwait","5910","Export quantity","0111","Wheat","2023","2023","t","364476.68","A","Official value"
"TM","Detailed trade matrix","036","Australia","418","Lao People's Democratic Republic","5910","Export quantity","0111","Wheat","2021","2021","t","2010.02","A","Official value"
"TM","Detailed trade matrix","036","Australia","422","Lebanon","5910","Export quantity","0111","Wheat","2020","2020","t","2964.54","A","Official value"
"TM","Detailed trade matrix","036","Australia","450","Madagascar","5910","Export quantity","0111","Wheat","2021","2021","t","32307","A","Official value"
"TM","Detailed trade matrix","036","Australia","454","Malawi","5910","Export quantity","0111","Wheat","2021","2021","t","113250","A","Official value"
"TM","Detailed trade matrix","036","Australia","454","Malawi","5910","Export quantity","0111","Wheat","2022","2022","t","1065","A","Official value"
"TM","Detailed trade matrix","036","Australia","454","Malawi","5910","Export quantity","0111","Wheat","2023","2023","t","27800.2","A","Official value"
"TM","Detailed trade matrix","036","Australia","458","Malaysia","5910","Export quantity","0111","Wheat","2019","2019","t","557197.66","A","Official value"
"TM","Detailed trade matrix","036","Australia","458","Malaysia","5910","Export quantity","0111","Wheat","2020","2020","t","455359.69","A","Official value"
"TM","Detailed trade matrix","036","Australia","458","Malaysia","5910","Export quantity","0111","Wheat","2021","2021","t","1151033.46","A","Official value"
"TM","Detailed trade matrix","036","Australia","458","Malaysia","5910","Export quantity","0111","Wheat","2022","2022","t","1087514.76","A","Official value"
"TM","Detailed trade matrix","036","Australia","458","Malaysia","5910","Export quantity","0111","Wheat","2023","2023","t","1029469.36","A","Official value"
"TM","Detailed trade matrix","036","Australia","480","Mauritius","5910","Export quantity","0111","Wheat","2019","2019","t","105.27","A","Official value"
"TM","Detailed trade matrix","036","Australia","480","Mauritius","5910","Export quantity","0111","Wheat","2020","2020","t","80.52","A","Official value"
"TM","Detailed trade matrix","036","Australia","480","Mauritius","5910","Export quantity","0111","Wheat","2021","2021","t","63.17","A","Official value"
"TM","Detailed trade matrix","036","Australia","480","Mauritius","5910","Export quantity","0111","Wheat","2022","2022","t","100298.6","A","Official value"
"TM","Detailed trade matrix","036","Australia","480","Mauritius","5910","Export quantity","0111","Wheat","2023","2023","t","51203.88","A","Official value"
"TM","Detailed trade matrix","036","Australia","508","Mozambique","5910","Export quantity","0111","Wheat","2021","2021","t","284279.6","A","Official value"
"TM","Detailed trade matrix","036","Australia","508","Mozambique","5910","Export quantity","0111","Wheat","2022","2022","t","179559.5","A","Official value"
"TM","Detailed trade matrix","036","Australia","508","Mozambique","5910","Export quantity","0111","Wheat","2023","2023","t","56100","A","Official value"
"TM","Detailed trade matrix","036","Australia","104","Myanmar","5910","Export quantity","0111","Wheat","2019","2019","t","190151.5","A","Official value"
"TM","Detailed trade matrix","036","Australia","104","Myanmar","5910","Export quantity","0111","Wheat","2020","2020","t","243397.81","A","Official value"
"TM","Detailed trade matrix","036","Australia","104","Myanmar","5910","Export quantity","0111","Wheat","2021","2021","t","373348.5","A","Official value"
"TM","Detailed trade matrix","036","Australia","104","Myanmar","5910","Export quantity","0111","Wheat","2022","2022","t","176757.58","A","Official value"
"TM","Detailed trade matrix","036","Australia","104","Myanmar","5910","Export quantity","0111","Wheat","2023","2023","t","293410.2","A","Official value"
"TM","Detailed trade matrix","036","Australia","540","New Caledonia","5910","Export quantity","0111","Wheat","2019","2019","t","14027.7","A","Official value"
"TM","Detailed trade matrix","036","Australia","540","New Caledonia","5910","Export quantity","0111","Wheat","2020","2020","t","22099.79","A","Official value"
"TM","Detailed trade matrix","036","Australia","540","New Caledonia","5910","Export quantity","0111","Wheat","2021","2021","t","29851.56","A","Official value"
"TM","Detailed trade matrix","036","Australia","540","New Caledonia","5910","Export quantity","0111","Wheat","2022","2022","t","29194.01","A","Official value"
"TM","Detailed trade matrix","036","Australia","540","New Caledonia","5910","Export quantity","0111","Wheat","2023","2023","t","28254.61","A","Official value"
"TM","Detailed trade matrix","036","Australia","554","New Zealand","5910","Export quantity","0111","Wheat","2019","2019","t","408368","A","Official value"
"TM","Detailed trade matrix","036","Australia","554","New Zealand","5910","Export quantity","0111","Wheat","2020","2020","t","370572.97","A","Official value"
"TM","Detailed trade matrix","036","Australia","554","New Zealand","5910","Export quantity","0111","Wheat","2021","2021","t","546278.82","A","Official value"
"TM","Detailed trade matrix","036","Australia","554","New Zealand","5910","Export quantity","0111","Wheat","2022","2022","t","635527.4","A","Official value"
"TM","Detailed trade matrix","036","Australia","554","New Zealand","5910","Export quantity","0111","Wheat","2023","2023","t","683811.7","A","Official value"
"TM","Detailed trade matrix","036","Australia","566","Nigeria","5910","Export quantity","0111","Wheat","2021","2021","t","115280","A","Official value"
"TM","Detailed trade matrix","036","Australia","566","Nigeria","5910","Export quantity","0111","Wheat","2022","2022","t","54999.2","A","Official value"
"TM","Detailed trade matrix","036","Australia","512","Oman","5910","Export quantity","0111","Wheat","2019","2019","t","84875.2","A","Official value"
"TM","Detailed trade matrix","036","Australia","512","Oman","5910","Export quantity","0111","Wheat","2020","2020","t","78370","A","Official value"
"TM","Detailed trade matrix","036","Australia","512","Oman","5910","Export quantity","0111","Wheat","2021","2021","t","75584.58","A","Official value"
"TM","Detailed trade matrix","036","Australia","512","Oman","5910","Export quantity","0111","Wheat","2022","2022","t","212762.1","A","Official value"
"TM","Detailed trade matrix","036","Australia","512","Oman","5910","Export quantity","0111","Wheat","2023","2023","t","163902","A","Official value"
"TM","Detailed trade matrix","036","Australia","586","Pakistan","5910","Export quantity","0111","Wheat","2020","2020","t","130.32","A","Official value"
"TM","Detailed trade matrix","036","Australia","586","Pakistan","5910","Export quantity","0111","Wheat","2022","2022","t","52736.5","A","Official value"
"TM","Detailed trade matrix","036","Australia","598","Papua New Guinea","5910","Export quantity","0111","Wheat","2019","2019","t","233611","A","Official value"
"TM","Detailed trade matrix","036","Australia","598","Papua New Guinea","5910","Export quantity","0111","Wheat","2020","2020","t","257795.36","A","Official value"
"TM","Detailed trade matrix","036","Australia","598","Papua New Guinea","5910","Export quantity","0111","Wheat","2021","2021","t","252645.9","A","Official value"
"TM","Detailed trade matrix","036","Australia","598","Papua New Guinea","5910","Export quantity","0111","Wheat","2022","2022","t","242581.4","A","Official value"
"TM","Detailed trade matrix","036","Australia","598","Papua New Guinea","5910","Export quantity","0111","Wheat","2023","2023","t","266284.98","A","Official value"
"TM","Detailed trade matrix","036","Australia","608","Philippines","5910","Export quantity","0111","Wheat","2019","2019","t","1828350","A","Official value"
"TM","Detailed trade matrix","036","Australia","608","Philippines","5910","Export quantity","0111","Wheat","2020","2020","t","734485.03","A","Official value"
"TM","Detailed trade matrix","036","Australia","608","Philippines","5910","Export quantity","0111","Wheat","2021","2021","t","1969593.52","A","Official value"
"TM","Detailed trade matrix","036","Australia","608","Philippines","5910","Export quantity","0111","Wheat","2022","2022","t","3280772.28","A","Official value"
"TM","Detailed trade matrix","036","Australia","608","Philippines","5910","Export quantity","0111","Wheat","2023","2023","t","2801283.3","A","Official value"
"TM","Detailed trade matrix","036","Australia","634","Qatar","5910","Export quantity","0111","Wheat","2020","2020","t","42000","A","Official value"
"TM","Detailed trade matrix","036","Australia","634","Qatar","5910","Export quantity","0111","Wheat","2021","2021","t","62783.2","A","Official value"
"TM","Detailed trade matrix","036","Australia","634","Qatar","5910","Export quantity","0111","Wheat","2022","2022","t","42000","A","Official value"
"TM","Detailed trade matrix","036","Australia","634","Qatar","5910","Export quantity","0111","Wheat","2023","2023","t","62636.2","A","Official value"
"TM","Detailed trade matrix","036","Australia","410","Republic of Korea","5910","Export quantity","0111","Wheat","2019","2019","t","1107942","A","Official value"
"TM","Detailed trade matrix","036","Australia","410","Republic of Korea","5910","Export quantity","0111","Wheat","2020","2020","t","1061988.19","A","Official value"
"TM","Detailed trade matrix","036","Australia","410","Republic of Korea","5910","Export quantity","0111","Wheat","2021","2021","t","1133738.28","A","Official value"
"TM","Detailed trade matrix","036","Australia","410","Republic of Korea","5910","Export quantity","0111","Wheat","2022","2022","t","2114057.62","A","Official value"
"TM","Detailed trade matrix","036","Australia","410","Republic of Korea","5910","Export quantity","0111","Wheat","2023","2023","t","2261143","A","Official value"
"TM","Detailed trade matrix","036","Australia","646","Rwanda","5910","Export quantity","0111","Wheat","2021","2021","t","42526.2","A","Official value"
"TM","Detailed trade matrix","036","Australia","646","Rwanda","5910","Export quantity","0111","Wheat","2022","2022","t","62518.67","A","Official value"
"TM","Detailed trade matrix","036","Australia","882","Samoa","5910","Export quantity","0111","Wheat","2023","2023","t","0.08","A","Official value"
"TM","Detailed trade matrix","036","Australia","682","Saudi Arabia","5910","Export quantity","0111","Wheat","2019","2019","t","4323.17","A","Official value"
"TM","Detailed trade matrix","036","Australia","682","Saudi Arabia","5910","Export quantity","0111","Wheat","2020","2020","t","71386.89","A","Official value"
"TM","Detailed trade matrix","036","Australia","682","Saudi Arabia","5910","Export quantity","0111","Wheat","2021","2021","t","481946.6","A","Official value"
"TM","Detailed trade matrix","036","Australia","682","Saudi Arabia","5910","Export quantity","0111","Wheat","2022","2022","t","773.6","A","Official value"
"TM","Detailed trade matrix","036","Australia","682","Saudi Arabia","5910","Export quantity","0111","Wheat","2023","2023","t","5928.19","A","Official value"
"TM","Detailed trade matrix","036","Australia","702","Singapore","5910","Export quantity","0111","Wheat","2019","2019","t","103122","A","Official value"
"TM","Detailed trade matrix","036","Australia","702","Singapore","5910","Export quantity","0111","Wheat","2020","2020","t","111086.35","A","Official value"
"TM","Detailed trade matrix","036","Australia","702","Singapore","5910","Export quantity","0111","Wheat","2021","2021","t","108995.27","A","Official value"
"TM","Detailed trade matrix","036","Australia","702","Singapore","5910","Export quantity","0111","Wheat","2022","2022","t","67496.2","A","Official value"
"TM","Detailed trade matrix","036","Australia","702","Singapore","5910","Export quantity","0111","Wheat","2023","2023","t","113407.55","A","Official value"
"TM","Detailed trade matrix","036","Australia","090","Solomon Islands","5910","Export quantity","0111","Wheat","2019","2019","t","17517.5","A","Official value"
"TM","Detailed trade matrix","036","Australia","090","Solomon Islands","5910","Export quantity","0111","Wheat","2020","2020","t","13049.33","A","Official value"
"TM","Detailed trade matrix","036","Australia","090","Solomon Islands","5910","Export quantity","0111","Wheat","2021","2021","t","13167.68","A","Official value"
"TM","Detailed trade matrix","036","Australia","090","Solomon Islands","5910","Export quantity","0111","Wheat","2022","2022","t","14376.85","A","Official value"
"TM","Detailed trade matrix","036","Australia","090","Solomon Islands","5910","Export quantity","0111","Wheat","2023","2023","t","15471.62","A","Official value"
"TM","Detailed trade matrix","036","Australia","710","South Africa","5910","Export quantity","0111","Wheat","2021","2021","t","589422.1","A","Official value"
"TM","Detailed trade matrix","036","Australia","710","South Africa","5910","Export quantity","0111","Wheat","2022","2022","t","435137","A","Official value"
"TM","Detailed trade matrix","036","Australia","710","South Africa","5910","Export quantity","0111","Wheat","2023","2023","t","261909.5","A","Official value"
"TM","Detailed trade matrix","036","Australia","724","Spain","5910","Export quantity","0111","Wheat","2022","2022","t","19886.9","A","Official value"
"TM","Detailed trade matrix","036","Australia","724","Spain","5910","Export quantity","0111","Wheat","2023","2023","t","31500","A","Official value"
"TM","Detailed trade matrix","036","Australia","144","Sri Lanka","5910","Export quantity","0111","Wheat","2019","2019","t","80453.4","A","Official value"
"TM","Detailed trade matrix","036","Australia","144","Sri Lanka","5910","Export quantity","0111","Wheat","2020","2020","t","48242.11","A","Official value"
"TM","Detailed trade matrix","036","Australia","144","Sri Lanka","5910","Export quantity","0111","Wheat","2021","2021","t","577683.1","A","Official value"
"TM","Detailed trade matrix","036","Australia","144","Sri Lanka","5910","Export quantity","0111","Wheat","2022","2022","t","51472.66","A","Official value"
"TM","Detailed trade matrix","036","Australia","144","Sri Lanka","5910","Export quantity","0111","Wheat","2023","2023","t","1093.23","A","Official value"
"TM","Detailed trade matrix","036","Australia","729","Sudan","5910","Export quantity","0111","Wheat","2021","2021","t","226075.6","A","Official value"
"TM","Detailed trade matrix","036","Australia","729","Sudan","5910","Export quantity","0111","Wheat","2022","2022","t","592864.1","A","Official value"
"TM","Detailed trade matrix","036","Australia","764","Thailand","5910","Export quantity","0111","Wheat","2019","2019","t","461607","A","Official value"
"TM","Detailed trade matrix","036","Australia","764","Thailand","5910","Export quantity","0111","Wheat","2020","2020","t","348092.76","A","Official value"
"TM","Detailed trade matrix","036","Australia","764","Thailand","5910","Export quantity","0111","Wheat","2021","2021","t","1053869.28","A","Official value"
"TM","Detailed trade matrix","036","Australia","764","Thailand","5910","Export quantity","0111","Wheat","2022","2022","t","800485.5","A","Official value"
"TM","Detailed trade matrix","036","Australia","764","Thailand","5910","Export quantity","0111","Wheat","2023","2023","t","1944034.2","A","Official value"
"TM","Detailed trade matrix","036","Australia","626","Timor-Leste","5910","Export quantity","0111","Wheat","2021","2021","t","0.01","A","Official value"
"TM","Detailed trade matrix","036","Australia","788","Tunisia","5910","Export quantity","0111","Wheat","2023","2023","t","27500","A","Official value"
"TM","Detailed trade matrix","036","Australia","792","Türkiye","5910","Export quantity","0111","Wheat","2020","2020","t","125.42","A","Official value"
"TM","Detailed trade matrix","036","Australia","792","Türkiye","5910","Export quantity","0111","Wheat","2023","2023","t","98743.1","A","Official value"
"TM","Detailed trade matrix","036","Australia","800","Uganda","5910","Export quantity","0111","Wheat","2021","2021","t","123014.4","A","Official value"
"TM","Detailed trade matrix","036","Australia","800","Uganda","5910","Export quantity","0111","Wheat","2022","2022","t","73119.2","A","Official value"
"TM","Detailed trade matrix","036","Australia","784","United Arab Emirates","5910","Export quantity","0111","Wheat","2019","2019","t","102983.86","A","Official value"
"TM","Detailed trade matrix","036","Australia","784","United Arab Emirates","5910","Export quantity","0111","Wheat","2020","2020","t","152006.16","A","Official value"
"TM","Detailed trade matrix","036","Australia","784","United Arab Emirates","5910","Export quantity","0111","Wheat","2021","2021","t","250157.3","A","Official value"
"TM","Detailed trade matrix","036","Australia","784","United Arab Emirates","5910","Export quantity","0111","Wheat","2022","2022","t","156415.2","A","Official value"
"TM","Detailed trade matrix","036","Australia","784","United Arab Emirates","5910","Export quantity","0111","Wheat","2023","2023","t","295282.79","A","Official value"
"TM","Detailed trade matrix","036","Australia","826","United Kingdom of Great Britain and Northern Ireland","5910","Export quantity","0111","Wheat","2019","2019","t","6420.59","A","Official value"
"TM","Detailed trade matrix","036","Australia","826","United Kingdom of Great Britain and Northern Ireland","5910","Export quantity","0111","Wheat","2020","2020","t","9344.79","A","Official value"
"TM","Detailed trade matrix","036","Australia","826","United Kingdom of Great Britain and Northern Ireland","5910","Export quantity","0111","Wheat","2021","2021","t","6719.8","A","Official value"
"TM","Detailed trade matrix","036","Australia","826","United Kingdom of Great Britain and Northern Ireland","5910","Export quantity","0111","Wheat","2022","2022","t","5512.52","A","Official value"
"TM","Detailed trade matrix","036","Australia","826","United Kingdom of Great Britain and Northern Ireland","5910","Export quantity","0111","Wheat","2023","2023","t","16292.24","A","Official value"
"TM","Detailed trade matrix","036","Australia","834","United Republic of Tanzania","5910","Export quantity","0111","Wheat","2019","2019","t","1005.17","A","Official value"
"TM","Detailed trade matrix","036","Australia","834","United Republic of Tanzania","5910","Export quantity","0111","Wheat","2020","2020","t","903.05","A","Official value"
"TM","Detailed trade matrix","036","Australia","834","United Republic of Tanzania","5910","Export quantity","0111","Wheat","2021","2021","t","200866.82","A","Official value"
"TM","Detailed trade matrix","036","Australia","834","United Republic of Tanzania","5910","Export quantity","0111","Wheat","2022","2022","t","108197.8","A","Official value"
"TM","Detailed trade matrix","036","Australia","834","United Republic of Tanzania","5910","Export quantity","0111","Wheat","2023","2023","t","1046.28","A","Official value"
"TM","Detailed trade matrix","036","Australia","548","Vanuatu","5910","Export quantity","0111","Wheat","2023","2023","t","0.01","A","Official value"
"TM","Detailed trade matrix","036","Australia","704","Viet Nam","5910","Export quantity","0111","Wheat","2019","2019","t","848672","A","Official value"
"TM","Detailed trade matrix","036","Australia","704","Viet Nam","5910","Export quantity","0111","Wheat","2020","2020","t","950834.75","A","Official value"
"TM","Detailed trade matrix","036","Australia","704","Viet Nam","5910","Export quantity","0111","Wheat","2021","2021","t","3028631","A","Official value"
"TM","Detailed trade matrix","036","Australia","704","Viet Nam","5910","Export quantity","0111","Wheat","2022","2022","t","2897726","A","Official value"
"TM","Detailed trade matrix","036","Australia","704","Viet Nam","5910","Export quantity","0111","Wheat","2023","2023","t","2815479","A","Official value"
"TM","Detailed trade matrix","036","Australia","887","Yemen","5910","Export quantity","0111","Wheat","2019","2019","t","647827","A","Official value"
"TM","Detailed trade matrix","036","Australia","887","Yemen","5910","Export quantity","0111","Wheat","2020","2020","t","474678.3","A","Official value"
"TM","Detailed trade matrix","036","Australia","887","Yemen","5910","Export quantity","0111","Wheat","2021","2021","t","856726","A","Official value"
"TM","Detailed trade matrix","036","Australia","887","Yemen","5910","Export quantity","0111","Wheat","2022","2022","t","962078.2","A","Official value"
"TM","Detailed trade matrix","036","Australia","887","Yemen","5910","Export quantity","0111","Wheat","2023","2023","t","1352588","A","Official value"
"TM","Detailed trade matrix","036","Australia","894","Zambia","5910","Export quantity","0111","Wheat","2021","2021","t","18000","A","Official value"
